symbol,date,gain_pct,days_up,volume,trades,pnl,win,loss
MNOV,2020-07-27,66.51515151515153,1,405585,1,-4035.9488400000005,0,1
SYPR,2020-07-28,51.4018691588785,1,64229,0,0.0,0,1
KODK,2020-07-29,77.9742765273312,1,2212407,1,-736.8197883813027,0,1
KNDI,2020-07-29,138.97435897435898,1,107441,0,0.0,0,1
PRPO,2020-07-30,35.10638297872342,2,328817,0,0.0,0,1
TAOP,2020-07-30,141.37447405329593,1,1057688,1,-736.796778582152,0,1
JMIA,2020-08-03,35.244845360824726,5,561869,0,0.0,0,1
PBI,2020-08-03,40.028490028490026,4,650336,0,0.0,0,1
IZEA,2020-08-05,33.33333333333335,1,151005,0,0.0,0,1
OPTT,2020-08-12,35.47008547008548,1,63987,0,0.0,0,1
IGC,2020-08-12,165.5593150825387,1,1096582,1,5297.12841,1,0
AHG,2020-08-13,173.59781121751024,1,110344,0,0.0,0,1
ERNA,2020-08-13,40.338983050847446,2,595247,1,2793.797999999995,1,0
TOPS,2020-08-20,59.06976744186048,1,140807,0,0.0,0,1
GEVO,2020-08-20,87.64821115578927,2,4589348,1,695.4518999999982,1,0
PED,2020-08-27,51.898734177215175,1,319717,1,24.98726999999557,1,0
GOGO,2020-09-02,36.86868686868687,3,1128766,0,0.0,0,1
NEXT,2020-09-14,48.75000000000001,1,83749,0,0.0,0,1
CRDF,2020-09-17,32.35772357723577,1,548653,0,0.0,0,1
OXBR,2020-09-28,87.13826366559488,1,558464,1,12229.676899999997,1,0
AMBO,2020-09-28,44.04332129963899,1,120317,0,0.0,0,1
ADIL,2020-09-29,67.03296703296704,2,164303,0,0.0,0,1
WWR,2020-10-02,62.962962962962976,1,2568618,0,0.0,0,1
WWR,2020-10-05,72.9166666666667,2,2869233,1,4116.765944999998,1,0
PPSI,2020-10-06,43.843843843843835,2,928540,1,7056.716874999997,1,0
OPTT,2020-10-06,48.979591836734706,3,195599,1,989.8477275,1,0
ELSE,2020-10-06,130.0813008130081,1,102080,0,0.0,0,1
CVV,2020-10-07,81.9620253164557,1,213107,0,0.0,0,1
IH,2020-10-09,31.00081366965015,1,58584,0,0.0,0,1
WAFU,2020-10-12,98.55491329479769,1,83517,0,0.0,0,1
REPL,2020-10-14,43.753723932472674,1,474175,0,0.0,0,1
MDRR,2020-10-14,40.19607843137254,1,442654,1,9346.519299999998,1,0
KXIN,2020-10-14,169.01408450704224,1,90199,0,0.0,0,1
KXIN,2020-10-16,38.17034700315458,3,203907,1,10702.644849999993,1,0
AIHS,2020-10-19,49.36440677966101,1,53078,0,0.0,0,1
KXIN,2020-10-19,145.96651445966512,4,1406668,1,4663.913124999994,1,0
MATH,2020-10-19,43.0232558139535,1,54810,0,0.0,0,1
MATH,2020-10-20,71.72897196261681,2,59787,0,0.0,0,1
TC,2020-10-22,40.191387559808625,2,67527,1,7221.586539999995,1,0
MAX,2020-10-28,44.4343480236256,1,231473,0,0.0,0,1
POLA,2020-10-29,41.73076923076924,1,1099825,0,0.0,0,1
MARPS,2020-10-30,36.58536585365852,1,72566,1,-225.36937999999978,0,1
APVO,2020-11-03,40.601503759398504,1,567930,0,0.0,0,1
APVO,2020-11-04,66.9,2,709301,0,0.0,0,1
APVO,2020-11-05,43.43707713125846,3,585816,0,0.0,0,1
AHT,2020-11-09,160.55555555555557,1,452419,0,0.0,0,1
GTEC,2020-11-10,50.733137829912,1,816990,1,2627.2047999999986,1,0
EQ,2020-11-11,38.21138211382114,1,470647,0,0.0,0,1
CBAT,2020-11-16,41.28787878787878,3,578610,0,0.0,0,1
SBLX,2020-11-19,38.51351351351351,2,234198,0,0.0,0,1
KXIN,2020-11-20,64.78679504814306,1,334340,1,2274.8605999999963,1,0
TANH,2020-11-23,48.251748251748275,1,254832,0,0.0,0,1
FTEK,2020-11-23,74.84276729559747,4,162105,1,3811.8912,1,0
GSM,2020-11-23,35.26570048309179,4,55890,0,0.0,0,1
GEVO,2020-11-23,49.29577464788735,1,177072,0,0.0,0,1
FCEL,2020-11-23,38.49270664505673,4,1666497,0,0.0,0,1
YJ,2020-11-24,61.8867924528302,3,549166,1,667.0543949999955,1,0
NVVE,2020-11-25,48.2816149482816,1,265675,0,0.0,0,1
TWAV,2020-11-30,134.79262672811058,4,67476,0,0.0,0,1
CAAS,2020-11-30,39.49129852744311,1,145324,0,0.0,0,1
YALA,2020-11-30,38.336347197106704,1,102031,0,0.0,0,1
LXRX,2020-12-08,31.48936170212764,3,1254324,1,2035.341599999994,1,0
GOVX,2020-12-09,85.62300319488818,1,188219,0,0.0,0,1
SLS,2020-12-10,87.83930510314875,3,1183461,0,0.0,0,1
NVNO,2020-12-11,30.415263748597066,1,72875,0,0.0,0,1
BCDA,2020-12-15,31.881188118811888,2,189821,0,0.0,0,1
DWTX,2020-12-17,34.28571428571428,1,244780,0,0.0,0,1
MVIS,2020-12-22,41.28440366972477,2,1287049,0,0.0,0,1
AQMS,2020-12-22,35.24590163934427,1,202782,0,0.0,0,1
BGMS,2020-12-23,35.84,4,89800,0,0.0,0,1
SPRU,2020-12-23,64.44444444444446,1,425115,1,2088.5717474999947,1,0
JAGX,2020-12-23,47.42873113471211,3,1192380,0,0.0,0,1
FRSX,2020-12-23,35.54502369668246,4,995127,0,0.0,0,1
BWEN,2020-12-28,40.645161290322584,1,132669,0,0.0,0,1
MPU,2020-12-28,126.30272952853599,2,428522,1,24.967999999995527,1,0
BTBT,2020-12-28,56.128550074738406,1,211041,0,0.0,0,1
EQ,2020-12-29,40.90909090909089,1,88312,0,0.0,0,1
BNGO,2020-12-29,40.044224491944824,2,1556215,0,0.0,0,1
IPDN,2020-12-30,37.434554973821996,2,252549,1,3938.5494399999966,1,0
FGNX,2020-12-30,30.245231607629442,1,65336,0,0.0,0,1
MPU,2020-12-31,40.234375,1,244037,0,0.0,0,1
BTBT,2020-12-31,54.320113314447596,4,346971,0,0.0,0,1
MBAI,2021-01-04,99.3907504846303,4,1140849,1,2577.1706999999997,1,0
JAGX,2021-01-04,97.80219780219781,4,1011346,0,0.0,0,1
BNGO,2021-01-04,35.68702290076335,5,3013885,0,0.0,0,1
NCTY,2021-01-05,35.07109004739337,2,146269,0,0.0,0,1
NCTY,2021-01-06,52.53886010362694,3,278586,0,0.0,0,1
FTFT,2021-01-07,146.78111587982832,1,1682985,1,1450.1742499999943,1,0
DDD,2021-01-07,70.66914498141263,3,3398220,0,0.0,0,1
LMFA,2021-01-08,151.19047619047618,1,520385,0,0.0,0,1
SIFY,2021-01-11,72.12121212121212,3,87392,1,2150.3219999999974,1,0
LCID,2021-01-11,30.94170403587444,1,2409702,0,0.0,0,1
CRVO,2021-01-11,31.99794555726758,1,55844,0,0.0,0,1
GME,2021-01-13,55.53914327917282,1,2523582,0,0.0,0,1
SAVA,2021-01-13,37.214885954381735,1,171987,0,0.0,0,1
FRSX,2021-01-13,49.88913525498893,1,490919,0,0.0,0,1
CRNT,2021-01-15,58.68852459016394,1,621280,1,4986.905279999997,1,0
WWR,2021-01-19,36.5234375,1,269466,0,0.0,0,1
AIRG,2021-01-19,31.180625630676072,1,50567,0,0.0,0,1
SENS,2021-01-19,77.56410256410255,1,2576260,1,2823.7862999999993,1,0
NDRA,2021-01-19,33.07086614173227,2,138817,0,0.0,0,1
COCP,2021-01-19,35.49382716049381,1,116865,0,0.0,0,1
ACRS,2021-01-19,32.97796730632552,1,1601750,1,-99.33125000000786,0,1
DARE,2021-01-19,63.194444444444464,1,135571,0,0.0,0,1
INUV,2021-01-19,51.04166666666667,1,666064,0,0.0,0,1
PAYO,2021-01-20,30.48838311996207,1,289418,0,0.0,0,1
TLSA,2021-01-20,33.47578347578348,2,169108,1,2147.2646099999965,1,0
EXPR,2021-01-22,54.50643776824033,1,305774,0,0.0,0,1
OPTT,2021-01-22,35.76642335766422,4,339334,0,0.0,0,1
POLA,2021-01-22,33.673469387755084,2,145357,0,0.0,0,1
ANY,2021-01-25,43.29896907216495,1,157866,0,0.0,0,1
IZEA,2021-01-25,35.13513513513513,3,209960,0,0.0,0,1
LFMD,2021-01-26,34.94704992435702,5,51270,0,0.0,0,1
TRVG,2021-01-27,49.52830188679245,1,1157078,0,0.0,0,1
JILL,2021-01-27,33.057851239669425,1,101365,0,0.0,0,1
CENN,2021-01-27,287.2340425531915,1,3596685,1,24.98705999999637,1,0
TOON,2021-01-27,83.74233128834359,1,714267,0,0.0,0,1
BBW,2021-01-27,42.52631578947368,1,185186,0,0.0,0,1
NOK,2021-01-27,32.66331658291457,1,16832940,0,0.0,0,1
CVM,2021-01-27,88.34160170092133,1,324468,0,0.0,0,1
PED,2021-01-28,89.51048951048952,1,116189,0,0.0,0,1
NEGG,2021-01-28,41.7434443656981,3,359107,1,-3515.484559999999,0,1
USEG,2021-01-28,50.458715596330265,1,94183,0,0.0,0,1
GSM,2021-02-01,32.36714975845412,1,427862,1,5238.438579999998,1,0
VXRT,2021-02-02,36.390186915887845,3,492981,0,0.0,0,1
OCGN,2021-02-02,59.13461538461537,1,2495446,1,4310.203589999999,1,0
SLS,2021-02-02,30.76923076923077,1,76072,0,0.0,0,1
SOGP,2021-02-03,31.726283048211524,3,212521,0,0.0,0,1
CLNN,2021-02-03,64.366373902133,1,52202,0,0.0,0,1
CPSH,2021-02-03,86.22047244094486,1,378521,0,0.0,0,1
BDRX,2021-02-04,39.62962962962961,2,74008,0,0.0,0,1
SOGP,2021-02-04,31.805682859761685,4,303702,0,0.0,0,1
SINT,2021-02-04,32.90816326530612,1,174857,0,0.0,0,1
CNSP,2021-02-04,57.009345794392516,1,64356,0,0.0,0,1
AACG,2021-02-04,280.5479452054795,1,1090718,0,0.0,0,1
WAFU,2021-02-04,32.8125,5,63895,0,0.0,0,1
AAME,2021-02-05,38.50415512465375,2,844572,1,6212.916687499995,1,0
OCGN,2021-02-05,53.81231671554252,1,2263225,0,0.0,0,1
OGI,2021-02-08,32.66129032258065,1,318977,0,0.0,0,1
OCGN,2021-02-08,70.68965517241381,2,3866809,1,3295.83032,1,0
NAUT,2021-02-08,62.76165993389644,2,339070,0,0.0,0,1
SGLY,2021-02-08,50.688705234159784,1,171889,0,0.0,0,1
DCOY,2021-02-08,34.04907975460123,3,139063,0,0.0,0,1
EFOI,2021-02-09,39.5303326810176,1,147711,0,0.0,0,1
ADAG,2021-02-09,43.37408312958435,1,194062,0,0.0,0,1
ORIO,2021-02-09,32.88804071246818,5,157482,0,0.0,0,1
SINT,2021-02-09,31.304347826086975,2,86749,0,0.0,0,1
CMMB,2021-02-10,158.95765472312706,1,190799,0,0.0,0,1
SNDL,2021-02-10,33.18181818181818,3,13077016,0,0.0,0,1
RKDA,2021-02-10,36.60933660933659,3,150499,0,0.0,0,1
LDI,2021-02-11,46.01927882898964,1,156891,0,0.0,0,1
HYLN,2021-02-11,30.895334174022704,1,746458,0,0.0,0,1
XTIA,2021-02-11,36.011904761904766,1,921470,0,0.0,0,1
SOS,2021-02-11,49.642857142857146,1,658116,0,0.0,0,1
TOPS,2021-02-12,41.24513618677044,2,250663,0,0.0,0,1
PRTA,2021-02-12,35.384615384615394,1,65393,0,0.0,0,1
SOS,2021-02-12,35.49270072992699,2,800682,0,0.0,0,1
SHIP,2021-02-12,34.228187919463096,1,917069,0,0.0,0,1
PXS,2021-02-16,74.7058823529412,2,304604,1,5679.55815,1,0
SCKT,2021-02-16,104.296875,2,2319343,1,4606.635874999997,1,0
XTKG,2021-02-17,47.46543778801844,1,68861,0,0.0,0,1
CNET,2021-02-17,34.36123348017621,1,267155,0,0.0,0,1
JFU,2021-02-18,37.830687830687836,1,490730,0,0.0,0,1
UAMY,2021-02-19,33.443708609271525,1,337166,1,3527.3991374999973,1,0
MATH,2021-02-19,30.526315789473692,1,56768,0,0.0,0,1
TAOP,2021-02-22,59.620991253644306,1,1161474,0,0.0,0,1
PAVM,2021-02-22,38.5,1,130193,0,0.0,0,1
ZKIN,2021-02-22,30.229591836734706,4,60869,0,0.0,0,1
SLDB,2021-02-23,44.49404761904763,1,86263,0,0.0,0,1
NAGE,2021-02-25,82.65107212475633,1,1458236,0,0.0,0,1
XTNT,2021-02-26,113.36633663366334,1,455791,1,490.35439999999716,1,0
SLE,2021-03-04,43.82113821138211,1,1837798,0,0.0,0,1
VANI,2021-03-05,152.63157894736844,1,7924238,1,3162.4169399999973,1,0
EXPR,2021-03-08,59.36254980079683,1,489853,0,0.0,0,1
MYND,2021-03-11,30.263157894736857,3,84603,0,0.0,0,1
FINV,2021-03-11,62.292358803986716,1,1538300,0,0.0,0,1
MI,2021-03-15,101.47058823529412,3,78115,0,0.0,0,1
NTRP,2021-03-15,54.04858299595141,1,2454564,1,2815.2638799999954,1,0
OCG,2021-03-15,98.48156182212581,3,168427,0,0.0,0,1
JILL,2021-03-16,39.67391304347827,4,77243,1,3732.9244199999976,1,0
SOGP,2021-03-16,31.46718146718146,1,517346,0,0.0,0,1
MI,2021-03-17,308.2397003745319,1,627029,1,-7763.134555000002,0,1
IMTE,2021-03-17,78.78787878787878,1,345382,0,0.0,0,1
OCG,2021-03-17,96.81647940074907,1,470669,1,24.986399999992784,1,0
JFIN,2021-03-18,73.43173431734317,2,1854907,1,-736.8332107641378,0,1
JFIN,2021-03-22,85.8974358974359,1,849571,1,-2589.663175000002,0,1
MI,2021-03-22,83.39167639050953,2,613582,1,2132.268969999994,1,0
BNTC,2021-03-23,35.976505139500745,1,1000061,0,0.0,0,1
DLPN,2021-03-23,68.80222841225627,1,3081279,0,0.0,0,1
WKEY,2021-03-24,93.11969839773798,1,938816,0,0.0,0,1
KOSS,2021-03-25,59.94978028876334,1,168187,1,3772.6695049999985,1,0
PRQR,2021-03-25,58.762886597938135,1,1398205,1,1235.776059999998,1,0
POLA,2021-03-25,31.77470775770457,1,65057,0,0.0,0,1
DSGN,2021-03-26,57.93528505392911,1,141753,0,0.0,0,1
IMA,2021-03-26,40.64430714916152,1,150281,0,0.0,0,1
WAFU,2021-03-26,48.8262910798122,1,1347883,1,6201.0125549999975,1,0
VVPR,2021-03-30,32.99748110831233,1,65210,0,0.0,0,1
WAFU,2021-03-31,45.91121495327102,1,977812,1,2079.8780999999976,1,0
MPU,2021-04-01,130.8433734939759,1,1145560,1,-846.2650800000049,0,1
UXIN,2021-04-01,51.526717557251914,3,3156838,0,0.0,0,1
SKLZ,2021-04-21,33.04209690230342,1,1343367,0,0.0,0,1
OCGN,2021-04-22,37.946428571428584,1,682194,0,0.0,0,1
ERNA,2021-04-22,33.72717508055851,1,77977,0,0.0,0,1
UXIN,2021-04-23,53.98550724637683,1,722525,0,0.0,0,1
MI,2021-04-23,30.30060120240481,4,159095,0,0.0,0,1
RAIL,2021-04-23,30.078125,1,143214,0,0.0,0,1
RVPH,2021-04-26,74.1935483870968,1,290420,1,24.98061999999645,1,0
MVIS,2021-04-26,32.61523046092183,2,1811268,0,0.0,0,1
VXRT,2021-04-27,34.083601286173625,2,1715562,0,0.0,0,1
ERNA,2021-04-27,58.674775928297066,4,115500,0,0.0,0,1
UXIN,2021-04-28,52.87958115183247,1,972957,0,0.0,0,1
ERNA,2021-04-28,89.13997367266344,5,422083,0,0.0,0,1
ERNA,2021-04-30,58.981794747865315,1,306805,1,24.976379999999793,1,0
PRPO,2021-05-03,158.94736842105263,1,2184545,1,417.6388349999988,1,0
BRN,2021-05-03,42.05607476635513,1,100677,0,0.0,0,1
LEDS,2021-05-04,60.94594594594594,1,185880,0,0.0,0,1
COCP,2021-05-04,30.182926829268286,1,2309934,1,205.9557499999904,1,0
AMS,2021-05-05,31.716417910447745,1,88789,0,0.0,0,1
LEDS,2021-05-06,90.70631970260223,3,2067124,1,6664.835564999994,1,0
IHT,2021-05-10,74.78753541076489,1,181650,0,0.0,0,1
JMIA,2021-05-11,39.13163716814161,1,392540,0,0.0,0,1
IHT,2021-05-11,39.13043478260872,2,172702,0,0.0,0,1
PRSO,2021-05-14,49.066213921901536,1,126045,1,3541.535944999997,1,0
TRAW,2021-05-18,35.821274435135834,3,316971,0,0.0,0,1
PRSO,2021-05-19,33.17073170731708,1,120419,0,0.0,0,1
UONE,2021-05-20,54.69255663430421,2,786937,0,0.0,0,1
PVLA,2021-05-25,64.15929203539825,1,1383421,0,0.0,0,1
ABTS,2021-05-25,35.34743202416919,1,99458,0,0.0,0,1
SOGP,2021-05-26,56.192660550458704,1,224264,0,0.0,0,1
AMC,2021-05-27,43.58561460010737,4,6580194,0,0.0,0,1
EXPR,2021-06-02,31.313131313131315,2,921222,0,0.0,0,1
KOSS,2021-06-02,52.97439759036146,1,250418,0,0.0,0,1
EFOI,2021-06-03,39.618138424820984,1,148111,1,24.984299999996757,1,0
AMSC,2021-06-04,31.780616078136738,1,109539,0,0.0,0,1
CLOV,2021-06-08,33.051614850588585,2,11318349,1,4993.999359999998,1,0
IHT,2021-06-08,34.4626168224299,1,156234,0,0.0,0,1
DMRA,2021-06-10,63.02186878727631,1,201015,0,0.0,0,1
ALF,2021-06-15,32.692307692307686,3,676258,1,2155.7172999999957,1,0
ALF,2021-06-18,33.719008264462815,1,179452,0,0.0,0,1
ALF,2021-06-22,71.87171398527865,1,638317,1,857.1617000000009,1,0
XTKG,2021-06-29,88.07947019867548,1,180122,0,0.0,0,1
DDL,2021-06-30,43.459022701038855,1,55811,1,1433.590270000001,1,0
BLIN,2021-07-02,44.032258064516114,1,302908,1,1952.8369199999918,1,0
XTKG,2021-07-06,62.70270270270268,1,259059,0,0.0,0,1
NEGG,2021-07-06,36.61616161616161,5,53795,0,0.0,0,1
IPW,2021-07-07,36.29893238434163,1,50625,0,0.0,0,1
LMFA,2021-07-08,46.61458333333333,1,436574,0,0.0,0,1
MDIA,2021-07-12,247.57085020242914,2,284060,1,24.983009999998043,1,0
WORX,2021-07-12,52.312138728323696,1,131720,0,0.0,0,1
RNAZ,2021-07-12,31.8840579710145,1,53453,0,0.0,0,1
RCAT,2021-07-13,58.862876254180584,1,164172,1,24.98693999999859,1,0
RCAT,2021-07-16,45.70552147239264,4,77139,0,0.0,0,1
AEHR,2021-07-19,31.300813008130078,2,542816,0,0.0,0,1
AEMD,2021-07-19,31.333333333333325,1,172609,0,0.0,0,1
LXU,2021-07-20,45.83333333333335,1,87218,0,0.0,0,1
HYFT,2021-07-22,95.69093610698364,1,478342,1,1683.8022749999998,1,0
NRXP,2021-07-22,40.95972579263068,2,686232,1,762.8973449999979,1,0
FEED,2021-07-23,254.98903508771926,1,307265,0,0.0,0,1
NRXP,2021-07-23,30.41749502982105,3,577207,0,0.0,0,1
NCTY,2021-07-26,39.4572025052192,1,225854,0,0.0,0,1
BTBT,2021-07-26,79.67479674796746,1,1336280,0,0.0,0,1
INTZ,2021-07-27,39.4808743169399,1,575860,0,0.0,0,1
ZSTK,2021-07-28,57.784145176695304,1,481812,0,0.0,0,1
XBIO,2021-07-29,74.83443708609272,3,181646,0,0.0,0,1
ZSTK,2021-08-03,63.11053984575834,3,347989,0,0.0,0,1
FULC,2021-08-10,42.56371243818941,5,1532469,1,705.3153799999969,1,0
MPU,2021-08-11,32.31739358906989,1,51301,1,5568.681499999999,1,0
PMCB,2021-08-13,35.3813559322034,1,87573,0,0.0,0,1
ZSTK,2021-08-13,33.67029548989115,1,205048,0,0.0,0,1
PMCB,2021-08-18,53.134796238244505,2,538369,1,5460.153824999996,1,0
TROO,2021-08-18,65.89861751152075,1,381800,1,2619.5837699999975,1,0
MI,2021-08-25,60.26587887740029,2,561188,1,3458.119424999999,1,0
ATER,2021-08-27,47.93187347931873,1,315327,0,0.0,0,1
BBIG,2021-08-27,48.86685552407932,4,1123230,0,0.0,0,1
RNXT,2021-08-30,119.94497936726276,1,107336,0,0.0,0,1
FCUV,2021-09-01,206.04395604395606,1,243745,1,2137.290929999997,1,0
SLAI,2021-09-02,30.206185567010337,1,273502,0,0.0,0,1
IPHA,2021-09-03,35.8744394618834,1,237542,0,0.0,0,1
ATYR,2021-09-13,45.0793650793651,1,1149470,0,0.0,0,1
LIFE,2021-09-13,45.0793650793651,1,1149470,0,0.0,0,1
LIDR,2021-09-16,35.00697350069735,1,153402,0,0.0,0,1
CRVS,2021-09-17,40.897097625329806,1,1757109,0,0.0,0,1
CRVS,2021-09-21,56.95732838589984,3,544150,0,0.0,0,1
ZSTK,2021-09-24,35.098039215686285,1,163768,0,0.0,0,1
IPM,2021-09-29,52.48618784530385,5,516876,1,996.7880699999964,1,0
ALZN,2021-09-30,33.624454148471614,1,629036,1,2958.707314999998,1,0
PED,2021-10-01,31.410256410256387,1,335633,0,0.0,0,1
VYGR,2021-10-08,47.21485411140583,1,234830,0,0.0,0,1
GWH,2021-10-12,47.398119122257064,3,336221,1,1735.9078499999969,1,0
JSPR,2021-10-13,71.1825487944891,1,208805,1,961.9547999999982,1,0
AHG,2021-10-19,50.94936708860758,4,66190,0,0.0,0,1
AHG,2021-10-20,85.41048466864494,5,284221,0,0.0,0,1
OLOX,2021-10-22,39.69230769230769,1,113548,0,0.0,0,1
BKKT,2021-10-27,39.05437352245864,1,595073,0,0.0,0,1
CHAI,2021-10-27,81.01694915254237,1,1689900,1,4168.094709999998,1,0
BKKT,2021-10-29,62.97431966270604,1,912744,0,0.0,0,1
GREE,2021-10-29,30.79518072289158,1,148721,0,0.0,0,1
SDOT,2021-11-01,39.99999999999999,1,436526,0,0.0,0,1
BIRD,2021-11-03,35.47479484173506,1,824537,0,0.0,0,1
PETZ,2021-11-03,30.05464480874316,1,93079,0,0.0,0,1
PPSI,2021-11-08,72.45409015025042,1,971352,1,3564.535319999998,1,0
NEGG,2021-11-08,58.600337268128165,1,169798,0,0.0,0,1
CBAT,2021-11-08,41.77777777777778,1,177319,0,0.0,0,1
PETZ,2021-11-08,66.12466124661248,4,150779,0,0.0,0,1
WNW,2021-11-12,35.31157270029672,1,117522,0,0.0,0,1
IONQ,2021-11-16,34.26537874936451,1,215245,0,0.0,0,1
SEV,2021-11-17,88.88613247333168,1,592458,1,1525.2380699999974,1,0
INM,2021-11-17,31.756756756756754,1,469196,1,2896.1499000000003,1,0
GTEC,2021-11-22,47.88273615635179,2,171568,0,0.0,0,1
LGVN,2021-11-22,208.17782656421517,1,491676,0,0.0,0,1
APVO,2021-11-23,78.02313354363828,1,2061978,0,0.0,0,1
GRI,2021-11-23,67.51740139211138,1,268321,0,0.0,0,1
AIXC,2021-11-23,31.770833333333325,3,511437,0,0.0,0,1
LGVN,2021-11-24,127.91736460078167,1,615223,1,114.69831999999471,1,0
IVVD,2021-11-29,37.21204961606617,3,538061,1,4231.712679999993,1,0
ISPC,2021-11-29,42.62753319357093,1,474735,1,2612.672089999996,1,0
ARDX,2021-11-30,34.16608836456163,1,366309,0,0.0,0,1
ARDX,2021-12-02,46.75324675324675,1,2540704,0,0.0,0,1
TULP,2021-12-06,144.74959612277866,1,189836,0,0.0,0,1
CPIX,2021-12-06,56.59955257270695,3,104593,0,0.0,0,1
TULP,2021-12-08,47.511664074650085,1,272163,1,2474.9194199999974,1,0
TULP,2021-12-09,35.33527696793004,2,124487,1,-84.29483000000323,0,1
CELZ,2021-12-10,36.8421052631579,1,69521,0,0.0,0,1
IVVD,2021-12-16,120.8398133748056,1,2544700,1,-736.8227383555532,0,1
AUID,2021-12-17,30.17912772585669,1,88921,0,0.0,0,1
SPRB,2021-12-17,74.47552447552451,1,694124,0,0.0,0,1
SOPA,2021-12-22,64.66127401415571,1,1055261,0,0.0,0,1
FTK,2021-12-29,35.78570546846069,1,70031,0,0.0,0,1
MFIN,2021-12-29,83.73408769448373,1,110180,1,479.8299449999973,1,0
MI,2021-12-29,30.566037735849072,1,192069,0,0.0,0,1
KPRX,2021-12-30,50.450450450450425,4,371046,0,0.0,0,1
NTRB,2021-12-31,43.07909604519775,3,1561987,1,3090.907159999999,1,0
GNPX,2022-01-03,126.79738562091502,1,987889,1,1455.180434999994,1,0
HOUR,2022-01-07,61.03092783505155,1,151140,0,0.0,0,1
BBLG,2022-01-10,34.108527131782964,1,463453,1,732.933099999996,1,0
GFAI,2022-01-14,42.477876106194714,1,428743,1,4565.614499999996,1,0
SBEV,2022-01-14,87.2146118721461,4,236226,1,4317.238400000001,1,0
INDO,2022-01-27,45.29702970297029,1,96448,1,-4881.491875000005,0,1
KSCP,2022-01-28,124.75524475524473,1,79116,0,0.0,0,1
NVCT,2022-02-07,122.06703910614527,1,120785,1,-2104.750969999999,0,1
TISI,2022-02-15,35.10638297872342,4,79583,0,0.0,0,1
LRMR,2022-02-15,34.21926910299005,1,144345,0,0.0,0,1
SKLZ,2022-02-24,30.542986425339368,1,1033652,0,0.0,0,1
HTZ,2022-02-24,30.774321641297163,1,478208,0,0.0,0,1
REAL,2022-02-24,32.0534223706177,1,276385,0,0.0,0,1
OPAD,2022-02-24,30.4289544235925,1,92932,0,0.0,0,1
FUBO,2022-02-24,33.62480127186009,1,612005,0,0.0,0,1
IMPP,2022-02-25,41.43835616438356,1,987804,0,0.0,0,1
MULN,2022-02-28,65.67164179104479,1,3512387,0,0.0,0,1
INDO,2022-03-04,80.4386750223814,1,799181,0,0.0,0,1
GBR,2022-03-07,36.01036269430051,2,60731,0,0.0,0,1
SVRN,2022-03-07,56.187954996690934,4,357784,0,0.0,0,1
IMPP,2022-03-07,57.415254237288124,2,835255,1,4067.113874999997,1,0
AGIG,2022-03-07,231.30699088145897,2,950574,0,0.0,0,1
KALA,2022-03-08,68.56492027334855,1,71898,0,0.0,0,1
WPRT,2022-03-08,48.17518248175179,1,184879,0,0.0,0,1
REVB,2022-03-09,71.50395778364114,1,50260,0,0.0,0,1
AVX,2022-03-10,58.21596244131457,1,1812724,1,2044.9511124999956,1,0
AQB,2022-03-10,38.18181818181819,1,147412,0,0.0,0,1
KALA,2022-03-11,31.49606299212597,4,52048,0,0.0,0,1
RCAT,2022-03-14,47.31182795698925,1,326541,0,0.0,0,1
SONM,2022-03-15,53.24675324675323,1,68202,1,-1815.232530000004,0,1
HOUR,2022-03-15,41.0344827586207,5,54828,0,0.0,0,1
SONM,2022-03-16,32.967032967032964,2,125413,0,0.0,0,1
ZH,2022-03-16,35.15625000000002,1,339853,0,0.0,0,1
DIDI,2022-03-18,58.91472868217051,4,10269502,1,1804.4055749999986,1,0
ZH,2022-03-18,41.25560538116593,1,376050,0,0.0,0,1
AUID,2022-03-21,40.060240963855435,1,60202,0,0.0,0,1
NRSN,2022-03-21,177.47747747747744,4,1446830,1,1989.6994099999986,1,0
SOPA,2022-03-22,30.97014925373134,1,230748,1,4378.369380000001,1,0
NRSN,2022-03-22,30.434782608695656,5,241187,0,0.0,0,1
JXG,2022-03-22,59.24528301886791,2,187558,1,-737.0218616174253,0,1
RKDA,2022-03-24,30.34825870646769,4,70674,0,0.0,0,1
LGVN,2022-03-31,45.580404685835994,1,1297099,0,0.0,0,1
SABS,2022-03-31,49.60317460317461,4,66233,0,0.0,0,1
MI,2022-04-01,49.17695473251027,1,211475,0,0.0,0,1
ATER,2022-04-04,37.75100401606426,1,1082904,1,-379.9913100000003,0,1
DDL,2022-04-05,42.901878914405,2,571078,0,0.0,0,1
SBFM,2022-04-07,31.911966987620353,2,313883,0,0.0,0,1
PHIO,2022-04-08,159.1075185472262,1,546692,0,0.0,0,1
VERU,2022-04-11,105.008347245409,1,3810728,1,2181.7901775,1,0
BFRI,2022-04-13,39.71830985915494,1,339594,0,0.0,0,1
VERU,2022-04-13,35.00000000000001,1,1712493,0,0.0,0,1
INDO,2022-04-14,73.57001972386585,1,162256,0,0.0,0,1
CYN,2022-04-22,41.66666666666665,2,228621,0,0.0,0,1
NUTX,2022-04-26,68.66812227074234,1,419875,0,0.0,0,1
CYN,2022-04-26,57.51072961373389,4,271528,0,0.0,0,1
ONCO,2022-05-03,87.14285714285714,1,212842,0,0.0,0,1
BKKT,2022-05-12,32.779097387173394,1,170237,0,0.0,0,1
PRPL,2022-05-12,31.150159744408956,1,1019993,0,0.0,0,1
SIGA,2022-05-20,36.44346871569704,1,642295,0,0.0,0,1
GOVX,2022-05-20,75.62499999999999,1,87411,0,0.0,0,1
GYRE,2022-05-23,34.94992092778071,1,548868,1,1130.0337599999941,1,0
APYX,2022-05-26,32.3943661971831,3,255248,0,0.0,0,1
EFOI,2022-06-07,50.65359477124183,5,66320,0,0.0,0,1
AGIG,2022-06-07,44.35318275154003,1,449304,0,0.0,0,1
HTCR,2022-06-08,84.03361344537817,1,308775,1,2218.548029999997,1,0
XTKG,2022-06-09,139.80815347721824,1,1022929,1,-15885.795196000008,0,1
DBVT,2022-06-09,67.35751295336787,1,328954,0,0.0,0,1
CRDF,2022-06-09,33.72781065088757,1,99155,0,0.0,0,1
XTKG,2022-06-10,33.48749211688038,2,246280,1,5433.3809999999985,1,0
SIDU,2022-06-15,74.25373134328356,1,641618,0,0.0,0,1
SOUN,2022-06-17,45.75645756457565,1,177478,0,0.0,0,1
BHAT,2022-06-23,108.59375,1,982470,1,-737.1056408861275,0,1
PETZ,2022-06-23,56.315789473684234,1,57780,0,0.0,0,1
BNTC,2022-06-24,75.67567567567568,1,221683,1,-3721.2187600000057,0,1
FFAI,2022-07-05,40.05305039787799,4,524019,1,2202.268437499997,1,0
GROV,2022-07-07,69.5150115473441,1,144819,1,1022.4046799999951,1,0
ORMP,2022-07-08,39.86371379897786,4,122337,0,0.0,0,1
PLRX,2022-07-11,43.26683291770574,5,1186656,1,2894.3700599999966,1,0
CLNN,2022-07-14,35.27508090614886,1,149789,0,0.0,0,1
EVTL,2022-07-15,41.76136363636365,1,398290,0,0.0,0,1
USEA,2022-07-15,39.21113689095128,1,398482,1,24.98132999999998,1,0
PGY,2022-07-22,101.21527777777777,1,309456,1,1766.2770149999974,1,0
TNXP,2022-07-25,31.92307692307692,1,177506,0,0.0,0,1
KOSS,2022-07-25,42.911877394636,1,85017,1,2075.5023749999964,1,0
GOVX,2022-07-25,42.08144796380091,1,1455056,0,0.0,0,1
PGY,2022-07-26,46.50959860383943,1,334445,0,0.0,0,1
ORBS,2022-07-27,36.021505376344074,1,338150,1,1759.3192799999938,1,0
SKYX,2022-07-28,61.98156682027651,1,140254,0,0.0,0,1
SNTI,2022-07-29,38.56502242152467,1,250598,0,0.0,0,1
VRAX,2022-08-01,58.748317631224765,1,327249,1,3505.0025999999966,1,0
ILAG,2022-08-02,33.13131313131312,5,169913,0,0.0,0,1
BNBX,2022-08-02,119.31818181818178,1,835456,1,5912.039999999998,1,0
AEMD,2022-08-02,39.51048951048952,1,105285,0,0.0,0,1
HSCS,2022-08-03,79.77528089887642,1,56735,1,-15357.320000000007,0,1
QNRX,2022-08-03,335.20352035203524,1,137760,0,0.0,0,1
CGTX,2022-08-04,51.271186440677965,1,85808,0,0.0,0,1
ILAG,2022-08-05,65.27777777777777,1,106966,0,0.0,0,1
AMC,2022-08-05,30.966411314083686,1,2894464,0,0.0,0,1
HSCS,2022-08-08,58.06451612903227,1,97755,0,0.0,0,1
TGL,2022-08-11,111.22150789012272,1,102814,0,0.0,0,1
MEGL,2022-08-15,81.9203268641471,1,268758,1,4946.091315,1,0
RVYL,2022-08-16,31.333333333333325,3,497257,1,3792.911044999999,1,0
BCAB,2022-08-16,43.3574879227053,2,109011,0,0.0,0,1
FUBO,2022-08-16,44.64692482915717,2,3077266,0,0.0,0,1
ONCO,2022-08-17,118.80341880341882,4,639982,1,2476.8899550000006,1,0
DRUG,2022-08-18,91.22807017543863,1,231909,1,-19180.8119775,0,1
GCT,2022-08-19,83.63368885619713,1,284850,1,5676.869089999998,1,0
DRUG,2022-08-22,70.49180327868854,1,267225,1,3931.670319999998,1,0
NERV,2022-08-22,36.976047904191624,1,125075,0,0.0,0,1
INDO,2022-08-23,30.113636363636353,4,298925,0,0.0,0,1
NERV,2022-08-24,38.888888888888886,3,479250,0,0.0,0,1
MOB,2022-08-25,35.524652338811634,1,194646,1,2141.804199999997,1,0
NERV,2022-08-26,53.89221556886228,1,413138,0,0.0,0,1
RVPH,2022-08-29,53.398058252427205,2,158242,1,24.986499999998625,1,0
PETZ,2022-08-30,35.511363636363626,2,56417,0,0.0,0,1
GRNQ,2022-08-31,57.14285714285712,1,137565,0,0.0,0,1
GCT,2022-09-01,59.27446954141,1,103831,1,705.0304799999992,1,0
SHPH,2022-09-06,124.4081632653061,1,70769,1,-1828.4994000000047,0,1
SPRO,2022-09-06,39.540478768194376,1,423278,1,-398.3017500000046,0,1
ELVN,2022-09-07,35.13513513513513,1,379912,0,0.0,0,1
ARQQ,2022-09-12,36.395759717314476,1,76289,0,0.0,0,1
MTVA,2022-09-13,53.85427666314677,2,93701,1,-736.8044485152041,0,1
AMTD,2022-09-14,43.70370370370369,1,276605,0,0.0,0,1
MTVA,2022-09-20,38.11118553248494,1,63521,1,-963.4492800000006,0,1
SOBR,2022-09-20,207.7995816316366,1,153662,0,0.0,0,1
PEPG,2022-09-28,79.13907284768212,1,99552,1,1002.2583199999973,1,0
SOBR,2022-09-28,34.07821229050278,1,59390,0,0.0,0,1
FNGR,2022-09-30,69.03553299492387,5,178828,0,0.0,0,1
SNTI,2022-10-04,90.51094890510947,5,274251,0,0.0,0,1
FNGR,2022-10-05,39.2063492063492,1,114913,0,0.0,0,1
MAPS,2022-10-06,71.25382262996939,1,153592,0,0.0,0,1
BNBX,2022-10-10,66.92913385826773,1,397021,1,1704.8967749999954,1,0
BNBX,2022-10-12,33.66336633663367,3,170100,0,0.0,0,1
RYM,2022-10-14,46.62155234286887,4,111210,1,3663.727199999997,1,0
MVST,2022-10-19,42.172523961661355,1,442859,0,0.0,0,1
CABA,2022-10-20,57.66129032258065,3,143379,0,0.0,0,1
TSHA,2022-10-25,35.29411764705883,1,417932,0,0.0,0,1
ATNM,2022-10-31,32.48532289628179,2,123240,0,0.0,0,1
ARQQ,2022-11-07,47.40608228980323,4,158181,0,0.0,0,1
FNKO,2022-11-07,32.44646333549643,1,370985,0,0.0,0,1
ARQQ,2022-11-08,34.02868318122554,5,159424,0,0.0,0,1
MGNI,2022-11-10,30.491132332878568,1,238868,0,0.0,0,1
GETY,2022-11-14,30.393996247654776,1,58748,0,0.0,0,1
PALI,2022-11-22,40.000000000000014,1,208064,1,5184.246039999995,1,0
CRNC,2022-11-29,31.828275351591408,1,116830,0,0.0,0,1
TOPS,2022-11-30,40.41095890410959,1,66326,0,0.0,0,1
SHPH,2022-12-02,57.7922077922078,1,70315,0,0.0,0,1
ZH,2022-12-02,35.00000000000001,1,655416,0,0.0,0,1
HTCO,2022-12-06,41.25000000000001,1,61569,0,0.0,0,1
PHVS,2022-12-08,168.9737470167064,2,369088,0,0.0,0,1
RENT,2022-12-08,53.094462540716634,1,175791,0,0.0,0,1
EH,2022-12-12,39.97233748271092,1,197676,0,0.0,0,1
BYSI,2022-12-16,30.459770114942543,3,65804,1,2502.1673100000007,1,0
SINT,2022-12-21,40.04767580452919,1,95526,1,3088.6916249999963,1,0
KALA,2022-12-28,99.20127795527158,1,194240,1,1451.2526499999951,1,0
KALA,2022-12-29,55.99006828057107,2,149665,0,0.0,0,1
VATE,2022-12-30,39.849624060150376,1,65196,0,0.0,0,1
JSPR,2023-01-03,89.40397350993376,1,216784,1,-737.0628662594993,0,1
FRMM,2023-01-03,34.434561626429485,3,168924,0,0.0,0,1
KALA,2023-01-04,46.458333333333336,1,119423,0,0.0,0,1
MEGL,2023-01-05,44.06250000000001,1,109330,0,0.0,0,1
HKD,2023-01-05,79.69661610268378,2,384684,1,1143.6561249999954,1,0
GSUN,2023-01-06,59.5744680851064,2,62701,0,0.0,0,1
BKKT,2023-01-12,96.80851063829788,1,163030,0,0.0,0,1
GNS,2023-01-19,140.0,1,1406269,1,1170.614059999998,1,0
COSM,2023-01-20,55.718475073313755,1,310665,0,0.0,0,1
GNS,2023-01-23,38.46153846153846,1,854971,0,0.0,0,1
IDAI,2023-01-23,47.887323943661976,1,138766,0,0.0,0,1
COSM,2023-01-24,33.11688311688312,1,161741,0,0.0,0,1
GOVX,2023-01-25,47.36842105263159,1,84734,0,0.0,0,1
BZFD,2023-01-26,61.240310077519375,1,1051238,0,0.0,0,1
LCID,2023-01-27,44.02901785714284,1,3113129,0,0.0,0,1
BZFD,2023-01-27,45.07575757575757,2,1421021,0,0.0,0,1
HSCS,2023-01-30,79.99999999999999,1,309363,1,-564.0190300000024,0,1
BBAI,2023-01-30,32.666666666666664,5,439838,0,0.0,0,1
MSGM,2023-01-31,187.0794078061911,2,164738,1,-85.65966000000566,0,1
SOBR,2023-01-31,55.65217391304349,1,69562,0,0.0,0,1
MSGM,2023-02-01,45.654785742891455,3,173914,0,0.0,0,1
SOUN,2023-02-03,49.73544973544974,1,373130,0,0.0,0,1
BBAI,2023-02-03,49.27953890489911,2,510842,0,0.0,0,1
LIXT,2023-02-07,94.82527574476858,1,82546,0,0.0,0,1
SLQT,2023-02-07,38.67924528301885,2,324038,0,0.0,0,1
IBIO,2023-02-07,44.736842105263165,1,55274,0,0.0,0,1
TECX,2023-02-08,96.51162790697674,1,276070,0,0.0,0,1
SLQT,2023-02-09,32.467532467532465,4,262353,0,0.0,0,1
TNON,2023-02-15,33.75394321766563,1,198798,0,0.0,0,1
SERA,2023-02-16,39.99999999999999,2,71376,0,0.0,0,1
DHC,2023-03-02,36.073059360730596,1,451072,0,0.0,0,1
FNKO,2023-03-02,32.04787234042554,1,205674,0,0.0,0,1
LFCR,2023-03-20,68.85245901639342,1,199703,1,1230.6232799999964,1,0
NOTE,2023-03-23,69.96336996336996,1,217190,0,0.0,0,1
NAAS,2023-03-24,34.526558891454975,1,56944,0,0.0,0,1
SI,2023-03-24,52.212389380530986,1,831526,1,2510.5632099999975,1,0
DVLT,2023-03-27,82.23350253807106,1,66017,1,3068.029147499998,1,0
BMEA,2023-03-28,33.057491289198616,1,560834,0,0.0,0,1
BUR,2023-03-31,56.68073136427567,1,763861,0,0.0,0,1
GFAI,2023-04-03,141.4129110840438,2,373327,1,3950.8670499999976,1,0
GCTK,2023-04-06,231.8077803203661,1,57820,1,-222.28890000000052,0,1
GFAI,2023-04-06,40.28697571743929,1,247849,1,2230.953074999996,1,0
BNRG,2023-04-11,46.583850931677006,1,69330,0,0.0,0,1
GCTK,2023-04-12,51.97740112994349,1,55676,1,2188.7030000000022,1,0
GFAI,2023-04-12,84.17350527549827,2,169141,1,2075.5502,1,0
CXAI,2023-04-13,160.0,2,1206800,1,3226.5833600000005,1,0
IDAI,2023-04-13,64.86486486486487,2,127434,0,0.0,0,1
CNSP,2023-04-14,192.62871959501177,1,269004,1,24.986399999997886,1,0
CXAI,2023-04-25,44.976635514018696,1,308610,1,785.9141549999989,1,0
HUDI,2023-04-28,273.7215909090909,2,482541,0,0.0,0,1
SNTG,2023-05-01,34.41176470588236,2,186324,1,7077.132379999998,1,0
NBTX,2023-05-05,50.66964285714284,1,165211,1,2218.2851999999966,1,0
SFWL,2023-05-09,95.70552147239266,2,96678,1,5221.736674999996,1,0
CDNA,2023-05-11,33.814102564102555,1,66202,0,0.0,0,1
GSIT,2023-05-12,179.78142076502732,1,265322,1,2106.2161049999977,1,0
IMMP,2023-05-17,36.8421052631579,2,308180,1,1214.190899999998,1,0
RIGL,2023-05-17,42.02334630350195,1,198204,0,0.0,0,1
ENVB,2023-05-18,69.01408450704227,1,484593,1,4633.620839999995,1,0
QBTS,2023-05-22,101.01980780545202,1,142744,1,-2161.060637450003,0,1
MBOT,2023-05-22,73.79679144385025,2,1150403,1,24.986909999999824,1,0
LFCR,2023-05-23,34.3959731543624,1,214764,0,0.0,0,1
WLDS,2023-05-25,45.84852588811334,1,454731,1,-13577.308250000002,0,1
ANNX,2023-05-26,33.25471698113207,1,159069,0,0.0,0,1
RGTI,2023-05-26,35.51521350038354,1,61898,0,0.0,0,1
QBTS,2023-05-26,36.66666666666667,1,79900,0,0.0,0,1
UCAR,2023-06-01,40.22140221402213,1,685939,1,-736.9979668259992,0,1
BMR,2023-06-06,44.03669724770643,1,53029,1,6798.145974999996,1,0
ZJYL,2023-06-12,46.85777287761852,2,52496,1,181.86431999999718,1,0
AUUD,2023-06-12,81.41592920353982,1,602801,0,0.0,0,1
VCIG,2023-06-20,91.57894736842107,1,721419,1,1962.4982399999985,1,0
UCAR,2023-06-21,44.1025641025641,1,175625,1,4696.052512499995,1,0
VCIG,2023-06-22,31.944444444444443,1,145022,1,-737.0681762131514,0,1
BDTX,2023-06-27,49.39759036144578,2,1958069,0,0.0,0,1
BENF,2023-06-28,31.178707224334623,1,60267,0,0.0,0,1
TOP,2023-06-29,34.72222222222223,1,168894,1,928.5813249999952,1,0
ALLR,2023-07-05,36.55737704918034,1,54133,1,-737.0805661050032,0,1
BBIG,2023-07-07,58.823529411764696,1,73469,0,0.0,0,1
AURE,2023-07-07,68.5185185185185,2,153451,0,0.0,0,1
GRRR,2023-07-07,33.99433427762042,1,709535,1,2552.5183999999967,1,0
AURE,2023-07-10,54.71349353049906,3,151195,0,0.0,0,1
NKLA,2023-07-13,60.431654676258994,1,1892832,0,0.0,0,1
PSQH,2023-07-19,46.878306878306894,1,95023,0,0.0,0,1
CLBR,2023-07-19,46.878306878306894,1,95023,0,0.0,0,1
GFAI,2023-07-20,55.31400966183575,1,276742,1,259.10848000000016,1,0
PSQH,2023-07-20,56.414300736067304,2,110397,0,0.0,0,1
BBIG,2023-07-24,59.5679012345679,2,315156,1,-737.0304165427524,0,1
BETR,2023-07-25,110.04997223764575,1,56567,1,1540.2099999999962,1,0
URGN,2023-07-28,35.74236468097973,3,246509,0,0.0,0,1
MSGM,2023-08-01,81.10236220472441,1,79406,0,0.0,0,1
BNTC,2023-08-09,64.79591836734696,1,80449,1,731.7927399999998,1,0
IFRX,2023-08-10,41.13475177304966,1,66387,0,0.0,0,1
TSHA,2023-08-14,44.07894736842104,2,1507433,1,24.986939999997546,1,0
NWTG,2023-08-15,485.33333333333337,1,50286,1,-734.4803400000075,0,1
BDRX,2023-08-31,57.90513833992097,1,124186,0,0.0,0,1
TONX,2023-09-05,172.64957264957266,1,757021,1,1076.5408599999948,1,0
AXG,2023-09-07,33.98692810457518,1,72815,1,7930.752180000001,1,0
CGC,2023-09-11,64.07766990291262,5,1596579,0,0.0,0,1
NKLA,2023-09-14,31.084007751054376,1,2525236,0,0.0,0,1
RNAZ,2023-09-25,87.12121212121214,3,985643,1,8568.471879999997,1,0
BRNS,2023-09-25,73.79679144385025,1,134627,0,0.0,0,1
FEMY,2023-09-29,59.151193633952246,2,936944,1,1828.481799999999,1,0
MAXN,2023-10-10,34.55782312925171,1,106495,0,0.0,0,1
TPST,2023-10-11,335.2112676056338,1,2121327,1,24.984899999996255,1,0
PHIO,2023-10-11,60.377358490566024,1,169432,1,4334.391669999996,1,0
MNTS,2023-10-12,47.8494623655914,1,156181,0,0.0,0,1
TPST,2023-10-16,66.91358024691358,1,616348,1,3491.259135,1,0
OMER,2023-10-16,42.129629629629605,1,145036,0,0.0,0,1
MTC,2023-10-16,75.29215358931553,1,108445,1,1445.909116249995,1,0
MNTS,2023-10-16,31.335149863760225,3,328906,1,2271.4712550000004,1,0
NKTX,2023-10-17,113.51351351351352,1,805583,1,-1075.1637600000047,0,1
MTC,2023-10-19,32.91139240506329,4,61199,0,0.0,0,1
CVM,2023-10-23,34.52914798206279,1,272622,1,-9864.365550000006,0,1
SBGI,2023-11-02,31.06929784304726,1,136111,0,0.0,0,1
CDIO,2023-11-07,88.8888888888889,4,747956,1,6025.234874999998,1,0
TNON,2023-11-08,42.635658914728694,3,75117,0,0.0,0,1
SKIN,2023-11-15,30.34482758620689,1,888980,0,0.0,0,1
BNKK,2023-11-20,31.192660550458704,3,210187,0,0.0,0,1
CDIO,2023-11-20,51.369863013698634,1,609350,1,2028.2847899999988,1,0
ANGH,2023-11-21,46.97674418604652,3,247850,0,0.0,0,1
EZRA,2023-11-22,48.25882082519251,1,64781,0,0.0,0,1
CAPT,2023-11-27,37.17105263157894,4,90627,0,0.0,0,1
RDHL,2023-11-27,45.48566538296963,1,429869,0,0.0,0,1
RDHL,2023-11-28,90.5982905982906,2,896867,1,7658.658104999997,1,0
VVOS,2023-11-29,241.4512093411176,1,335763,1,1512.120795000003,1,0
SNGX,2023-11-30,83.13689936536719,1,394633,1,-2096.9820550000018,0,1
ANY,2023-12-05,50.21834061135371,3,61231,0,0.0,0,1
MLGO,2023-12-06,134.320987654321,1,662947,0,0.0,0,1
CHSN,2023-12-07,30.032467532467532,5,61308,0,0.0,0,1
SLDB,2023-12-07,44.36274509803921,1,93673,0,0.0,0,1
JTAI,2023-12-11,63.90374331550801,1,161315,1,1331.2925199999968,1,0
CCCC,2023-12-13,73.89937106918238,2,1222730,1,1497.499694999998,1,0
STTK,2023-12-14,50.0,3,248775,0,0.0,0,1
VRCA,2023-12-15,43.41176470588235,1,404094,0,0.0,0,1
IVVD,2023-12-18,60.53811659192825,1,769206,1,-1886.0265450000015,0,1
SGHT,2023-12-26,30.95823095823096,2,62668,0,0.0,0,1
MIGI,2023-12-27,42.95302013422819,3,74310,0,0.0,0,1
SNTG,2023-12-29,121.81818181818178,1,184129,1,24.98695999999532,1,0
ACET,2024-01-09,38.12375249500999,4,117630,0,0.0,0,1
ROMA,2024-01-10,59.75609756097562,1,57941,1,24.986309999994894,1,0
MYSE,2024-01-16,34.051724137931025,1,54798,0,0.0,0,1
RVSN,2024-01-23,113.14102564102564,2,410298,0,0.0,0,1
RVSN,2024-01-25,38.71559633027522,1,136966,1,1894.942034999996,1,0
PCSA,2024-01-25,37.80821917808219,1,351033,1,3218.748259999996,1,0
CRBP,2024-01-26,78.84386174016686,1,455141,1,4874.036999999996,1,0
KYNB,2024-01-29,89.92291364093397,1,445897,1,-1019.5461575000068,0,1
ONMD,2024-01-30,46.153846153846146,3,66517,0,0.0,0,1
MNTS,2024-01-31,33.55263157894734,1,139090,0,0.0,0,1
KYNB,2024-02-01,31.56424581005586,2,398022,0,0.0,0,1
MTVA,2024-02-01,30.74119076549209,2,129398,0,0.0,0,1
INBS,2024-02-02,42.512077294686,1,264238,1,3456.2278399999987,1,0
ATRA,2024-02-02,51.610865445356914,5,784812,0,0.0,0,1
GRRR,2024-02-05,72.30376515634971,2,377576,0,0.0,0,1
HOLO,2024-02-07,397.7303070761015,1,1301435,1,508.3441999999979,1,0
MGIH,2024-02-12,73.33333333333334,1,322154,1,-413.13544999999937,0,1
BMR,2024-02-12,64.39144736842104,2,1151695,1,-2164.232450000003,0,1
BGLC,2024-02-13,46.22641509433962,1,425103,1,6089.931809999996,1,0
JMIA,2024-02-15,30.403458213256496,1,217941,0,0.0,0,1
CPOP,2024-02-20,150.43327556325826,1,183031,0,0.0,0,1
EBS,2024-02-21,60.71428571428572,1,819204,1,614.5811099999958,1,0
MATV,2024-02-22,34.15999999999999,1,71213,0,0.0,0,1
MNPR,2024-02-22,46.40522875816995,2,271011,0,0.0,0,1
OPTU,2024-02-26,39.88764044943822,1,1073333,0,0.0,0,1
SOUN,2024-02-26,46.75159235668791,1,1627989,0,0.0,0,1
PDYN,2024-02-26,48.59154929577465,3,77377,0,0.0,0,1
PDYN,2024-02-27,54.95495495495495,4,60437,0,0.0,0,1
JANX,2024-02-27,40.28169014084506,1,426593,0,0.0,0,1
SIDU,2024-02-29,31.104651162790688,5,184560,0,0.0,0,1
MTC,2024-03-01,50.44247787610618,1,383108,0,0.0,0,1
CRDF,2024-03-01,46.50000000000001,1,192690,0,0.0,0,1
AISP,2024-03-05,49.69512195121952,2,806644,1,1353.3206999999952,1,0
FENG,2024-03-05,49.25373134328357,1,50790,0,0.0,0,1
JL,2024-03-05,36.98979591836735,1,73285,0,0.0,0,1
RVSN,2024-03-06,38.495575221238944,1,275712,1,2565.7150000000006,1,0
APM,2024-03-06,193.73040752351093,1,313420,0,0.0,0,1
IMRN,2024-03-07,34.32835820895521,1,178139,0,0.0,0,1
STI,2024-03-11,84.94623655913978,3,889418,1,1424.3863499999977,1,0
LSF,2024-03-13,48.854961832061065,3,76879,0,0.0,0,1
STI,2024-03-14,47.72727272727273,1,150475,1,-1772.3695925000043,0,1
PBM,2024-03-14,53.92156862745099,1,85634,1,-3118.581040000003,0,1
VERI,2024-03-15,41.123188405797116,3,59628,0,0.0,0,1
IDN,2024-03-22,48.32535885167466,1,102366,0,0.0,0,1
CGC,2024-03-22,61.425576519916156,1,361276,0,0.0,0,1
MNY,2024-03-25,54.00696864111498,1,61482,0,0.0,0,1
CXAI,2024-04-01,62.582345191040844,1,981841,1,67.2463399999965,1,0
NXL,2024-04-02,57.92349726775956,5,72526,0,0.0,0,1
CADL,2024-04-04,209.80392156862746,2,657950,0,0.0,0,1
MDIA,2024-04-05,59.58333333333334,1,553923,1,6935.147329999996,1,0
XXII,2024-04-05,113.2530120481928,1,140865,1,-737.0964959659542,0,1
WAVE,2024-04-10,30.76923076923077,1,51692,0,0.0,0,1
RENT,2024-04-11,82.34183191690272,2,188020,1,5113.243849999997,1,0
INDO,2024-04-12,64.45182724252494,1,276154,1,-27.149280000000658,0,1
LGVN,2024-04-15,30.08849557522124,1,328214,0,0.0,0,1
DVLT,2024-04-16,126.1194029850746,1,835586,1,1011.41356,1,0
SXTC,2024-04-16,43.58974358974359,1,180451,1,8983.664219999999,1,0
XPON,2024-04-18,36.72566371681416,1,57044,0,0.0,0,1
VERU,2024-04-18,30.27522935779814,1,205636,0,0.0,0,1
NIVF,2024-04-23,56.338028169014095,2,176543,1,2496.8704799999987,1,0
MULN,2024-04-29,43.10776942355889,1,254804,0,0.0,0,1
TLRY,2024-04-30,39.83050847457628,1,1684466,0,0.0,0,1
CGC,2024-04-30,77.99043062200958,1,407029,0,0.0,0,1
CTMX,2024-05-01,56.74846625766874,2,2286187,1,-737.118915770252,0,1
BENF,2024-05-03,230.6122448979592,1,92927,1,-736.8584330439771,0,1
OLOX,2024-05-03,39.646464646464665,1,321705,1,6971.672399999998,1,0
GSUN,2024-05-07,47.60479041916168,1,306661,1,-737.086171056076,0,1
NNE,2024-05-08,37.5,1,56676,1,2279.9763799999987,1,0
LIDR,2024-05-10,68.24324324324327,1,616561,1,4713.719559999999,1,0
AMC,2024-05-13,50.28735632183909,1,8996925,0,0.0,0,1
CCLD,2024-05-13,43.12499999999999,1,349334,0,0.0,0,1
NVAX,2024-05-13,34.221311475409834,1,1294262,1,1485.1859849999992,1,0
CTNT,2024-05-14,104.89296636085625,1,322399,0,0.0,0,1
CTNT,2024-05-15,40.1209677419355,2,50184,0,0.0,0,1
LIDR,2024-05-15,55.39906103286385,4,198915,1,4689.270179999996,1,0
FFAI,2024-05-16,101.92070918492982,5,5507319,1,670.8632999999995,1,0
XHG,2024-05-17,86.40350877192984,1,280331,1,24.98671999999977,1,0
CTNT,2024-05-20,32.28133453561768,5,79197,0,0.0,0,1
XHG,2024-05-21,46.69926650366749,1,86670,1,-678.5017600000026,0,1
ONMD,2024-05-24,34.730538922155695,2,418342,1,7844.415119999996,1,0
JCSE,2024-05-30,51.963103122043506,1,109577,1,4789.913624999999,1,0
ALBT,2024-06-03,317.2297297297298,1,304591,1,1318.2424489999978,1,0
HOLO,2024-06-04,35.37414965986394,1,186837,0,0.0,0,1
MLGO,2024-06-04,135.09803921568627,1,1220950,1,-173.14517000000717,0,1
DDC,2024-06-12,58.73015873015872,1,466842,1,3845.674099999997,1,0
PROK,2024-06-12,38.0281690140845,1,128038,0,0.0,0,1
LGVN,2024-06-12,96.19565217391303,1,291587,1,733.4721899999928,1,0
URGN,2024-06-13,35.05791505791505,1,245942,1,-736.8781978714513,0,1
LRHC,2024-06-14,110.24258760107814,1,99150,0,0.0,0,1
CMTL,2024-06-18,33.06055646481178,2,335414,1,5676.714342499998,1,0
GOVX,2024-06-18,37.5,1,156684,0,0.0,0,1
NXL,2024-06-21,48.38709677419357,1,296232,1,-2749.8261000000057,0,1
GOVX,2024-06-21,34.79532163742691,1,71707,0,0.0,0,1
MLGO,2024-06-24,177.83985102420857,1,563055,1,932.0327499999976,1,0
RGS,2024-06-25,45.692090395480214,2,357258,1,4411.120449999995,1,0
GOVX,2024-06-27,49.588477366255134,1,335535,1,2522.2559399999973,1,0
NNE,2024-06-28,50.41480536056157,1,55457,0,0.0,0,1
ANVS,2024-07-02,66.54611211573238,1,318290,0,0.0,0,1
KOSS,2024-07-03,104.19708029197076,1,500812,1,738.3536849999983,1,0
BENF,2024-07-05,56.49350649350651,1,177093,1,4638.828424999999,1,0
ANVS,2024-07-05,37.142857142857125,1,131481,0,0.0,0,1
ANVS,2024-07-08,32.844827586206904,2,125868,0,0.0,0,1
FRMM,2024-07-09,54.83870967741935,1,95433,1,-737.0006218028291,0,1
QURE,2024-07-10,51.83795948987247,2,733914,1,882.7567799999972,1,0
LCFY,2024-07-11,59.5959595959596,1,160415,1,-737.0507713650802,0,1
AEON,2024-07-15,30.113636363636374,2,211950,1,3384.0661399999967,1,0
AMIX,2024-07-15,38.422391857506355,3,772251,1,-142.62884999999974,0,1
CRBU,2024-07-16,31.25,2,140568,0,0.0,0,1
PACB,2024-07-16,31.41993957703926,1,511026,0,0.0,0,1
NAAS,2024-07-16,60.55363321799305,1,119291,1,1735.3279199999974,1,0
SILO,2024-07-18,41.85567010309279,4,404991,1,4707.684360000001,1,0
SERV,2024-07-19,76.11241217798596,2,866516,1,-1184.0009150000058,0,1
PSNL,2024-07-19,51.181102362204726,4,109550,0,0.0,0,1
DCOY,2024-07-23,56.74846625766874,1,282925,1,8821.024079999997,1,0
DCOY,2024-07-25,35.34136546184739,1,219520,1,-737.0908910148794,0,1
SERV,2024-07-29,38.32976445396146,3,731138,0,0.0,0,1
INDO,2024-08-05,43.70078740157479,1,195689,0,0.0,0,1
ATNM,2024-08-05,43.60465116279071,1,200815,0,0.0,0,1
SAVA,2024-08-05,35.955056179775305,2,220046,0,0.0,0,1
ARHS,2024-08-08,34.743875278396416,1,538562,0,0.0,0,1
PGEN,2024-08-08,32.55175327418674,1,137749,0,0.0,0,1
EBS,2024-08-08,47.197898423817854,1,126768,0,0.0,0,1
APPS,2024-08-08,36.01895734597158,1,590960,0,0.0,0,1
INDO,2024-08-12,33.90804597701149,1,227730,0,0.0,0,1
MIGI,2024-08-12,52.84552845528454,1,51337,0,0.0,0,1
OGEN,2024-08-12,32.23684210526314,3,60619,0,0.0,0,1
PSIG,2024-08-12,60.13986013986015,2,239234,0,0.0,0,1
PDC,2024-08-13,267.22689075630257,1,248193,1,4252.3487000000005,1,0
GNLN,2024-08-14,65.22593320235757,3,134472,1,4208.964930000001,1,0
CING,2024-08-16,67.32954545454545,2,645031,1,1535.3848199999957,1,0
GOVX,2024-08-16,92.09809264305177,1,641408,1,1591.5378324999986,1,0
SIDU,2024-08-19,49.04942965779468,1,92320,0,0.0,0,1
BNBX,2024-08-21,78.44827586206897,4,172389,0,0.0,0,1
GDC,2024-08-21,81.4977973568282,2,383260,1,5366.112099999997,1,0
VRAX,2024-08-21,78.44827586206897,1,255597,1,-689.8551000000033,0,1
FFAI,2024-08-22,138.1954887218045,2,918632,1,3003.3930499999988,1,0
ATON,2024-08-23,34.553775743707085,3,131417,1,3669.043909999997,1,0
XRTX,2024-08-29,84.72222222222223,1,599821,0,0.0,0,1
SHPH,2024-09-04,46.38157894736843,1,110008,1,446.49604999999883,1,0
WHLR,2024-09-05,242.14876033057848,1,223173,1,7478.617319999999,1,0
FBLG,2024-09-10,42.752293577981646,4,53030,0,0.0,0,1
QH,2024-09-10,196.17486338797812,1,1350562,1,1957.7963489999977,1,0
PLCE,2024-09-11,32.84671532846715,2,505603,0,0.0,0,1
PCT,2024-09-11,31.84031158714702,1,247405,0,0.0,0,1
CNEY,2024-09-11,97.768046334228,1,1004327,1,2669.3945849999964,1,0
TIL,2024-09-12,53.34639242572641,5,72716,0,0.0,0,1
GV,2024-09-12,37.93103448275863,1,269574,1,3459.009329999997,1,0
SMX,2024-09-13,79.01234567901231,1,280855,0,0.0,0,1
IMRX,2024-09-16,41.03194103194103,1,308002,0,0.0,0,1
BBLG,2024-09-16,48.41269841269842,1,779910,1,2354.100639999997,1,0
PLCE,2024-09-17,38.18615751789978,1,102667,0,0.0,0,1
GLMD,2024-09-17,186.38059701492534,4,353467,1,1952.5148999999944,1,0
OMEX,2024-09-18,70.03449975357319,1,1225106,1,722.5876349999977,1,0
IMRX,2024-09-20,32.22453222453223,1,184649,0,0.0,0,1
LASE,2024-09-23,66.91597008358995,2,113632,0,0.0,0,1
XHG,2024-09-24,65.69767441860466,1,164524,1,2914.5409999999965,1,0
DUO,2024-09-26,39.981335821890426,3,1233225,1,4949.40288,1,0
DUO,2024-09-30,72.72727272727273,1,361136,1,6197.157330000001,1,0
CAPR,2024-09-30,53.58585858585858,1,340780,0,0.0,0,1
INDO,2024-10-01,59.32203389830508,1,380791,1,2356.639319999997,1,0
STTK,2024-10-01,36.524822695035475,1,131751,1,-816.0834750000039,0,1
EONR,2024-10-01,109.93041632267958,1,187229,1,-6163.277760000004,0,1
TOP,2024-10-02,30.27522935779814,1,202876,1,-1962.5987700000005,0,1
AMBO,2024-10-07,149.685534591195,1,73341,0,0.0,0,1
SOBR,2024-10-07,107.90598290598292,1,109530,1,4199.6691699999965,1,0
BURU,2024-10-08,62.832145171743335,1,1136059,0,0.0,0,1
PDYN,2024-10-08,38.5,1,155240,0,0.0,0,1
MNTS,2024-10-09,58.65680837954406,1,990130,1,277.25041499999776,1,0
SRFM,2024-10-10,32.1285140562249,2,59067,0,0.0,0,1
TWG,2024-10-11,75.18703241895264,2,730449,1,-737.0805661050019,0,1
NIVF,2024-10-15,141.24999999999997,1,569667,1,1989.1832699999968,1,0
JDZG,2024-10-15,32.780082987551886,2,139085,0,0.0,0,1
VSME,2024-10-16,95.49549549549548,2,91299,0,0.0,0,1
PRQR,2024-10-16,86.27906976744187,1,845235,1,2844.716669999999,1,0
JDZG,2024-10-17,115.6004633801004,1,167215,0,0.0,0,1
LTBR,2024-10-18,59.09090909090908,1,67851,0,0.0,0,1
DRUG,2024-10-18,33.60502405130945,1,212694,1,3381.4758,1,0
NCI,2024-10-21,33.653846153846146,2,95891,0,0.0,0,1
GNPX,2024-10-21,172.77686852154935,2,523420,1,-5706.82584,0,1
LRHC,2024-10-23,30.154342317438363,2,573064,1,6455.429709999996,1,0
QNCX,2024-10-24,33.858267716535416,1,71660,0,0.0,0,1
TWG,2024-10-24,37.04850361197109,1,98982,0,0.0,0,1
NXL,2024-10-24,65.38461538461537,1,138297,0,0.0,0,1
MNPR,2024-10-24,483.7591240875912,1,140112,1,2912.4860800000024,1,0
CLDI,2024-10-25,44.263179182958076,1,96250,0,0.0,0,1
GNLN,2024-10-28,78.03738317757009,1,337311,1,4838.2564799999955,1,0
GLUE,2024-10-28,48.20312499999999,1,1103996,0,0.0,0,1
PRCH,2024-10-28,47.97297297297296,1,257007,0,0.0,0,1
UPXI,2024-10-29,35.925349922239505,1,54913,1,4129.592239999998,1,0
MAXN,2024-10-30,38.804780876494036,1,157202,0,0.0,0,1
BFRI,2024-10-31,52.7950310559006,1,732887,1,4285.975059999998,1,0
BVC,2024-10-31,99.55654101995566,1,123382,0,0.0,0,1
NAGE,2024-11-01,39.42992874109264,1,530803,0,0.0,0,1
VIR,2024-11-01,30.01402524544179,1,242699,0,0.0,0,1
SPPL,2024-11-04,181.93184604069623,1,1215145,1,5757.152131250004,1,0
BVS,2024-11-05,36.42857142857143,1,76021,0,0.0,0,1
TMQ,2024-11-06,31.21019108280254,1,319241,0,0.0,0,1
IONQ,2024-11-07,34.83693995733008,1,730582,0,0.0,0,1
CELU,2024-11-07,99.01639344262296,1,212009,1,1479.7380000000014,1,0
INOD,2024-11-08,40.89335750782925,4,307408,0,0.0,0,1
API,2024-11-08,43.81720430107525,2,174737,0,0.0,0,1
WKHS,2024-11-11,47.297465984271604,1,61430,0,0.0,0,1
BCG,2024-11-11,37.860082304526756,1,127232,1,-14943.28539000001,0,1
CD,2024-11-11,30.588235294117673,1,57522,0,0.0,0,1
BTM,2024-11-11,32.49999999999999,5,115237,0,0.0,0,1
MULN,2024-11-12,71.42857142857142,1,142677,0,0.0,0,1
BTCT,2024-11-12,124.46808510638299,3,658038,1,24.979499999995312,1,0
BTCS,2024-11-12,56.21621621621622,5,256121,1,24.9849899999983,1,0
QUBT,2024-11-13,81.50684931506848,2,417052,0,0.0,0,1
OMER,2024-11-14,54.10199556541022,1,273529,1,3209.6941499999966,1,0
HCWB,2024-11-18,37.77777777777778,1,1348819,0,0.0,0,1
BKKT,2024-11-18,171.7291857273559,1,53360,0,0.0,0,1
XCUR,2024-11-20,62.2013034033309,3,124777,1,3783.7813199999996,1,0
IBG,2024-11-21,37.97169811320755,1,54998,0,0.0,0,1
CRNC,2024-11-21,71.1764705882353,1,528330,1,2139.8681299999967,1,0
VUZI,2024-11-22,33.07392996108951,5,92596,0,0.0,0,1
QBTS,2024-11-22,33.18181818181818,4,891622,0,0.0,0,1
PDYN,2024-11-22,103.54767184035478,1,438935,1,1892.4358774999998,1,0
QMCO,2024-11-22,100.89686098654708,2,188327,1,-4275.972644999999,0,1
ZENA,2024-11-25,234.375,2,240775,0,0.0,0,1
QMCO,2024-11-25,58.27285921625545,3,152157,1,4411.191059999999,1,0
PDYN,2024-11-26,75.75030012004802,1,309165,1,-807.3026500000058,0,1
HTT,2024-11-26,31.877729257641917,1,70412,0,0.0,0,1
VCIG,2024-11-27,66.26506024096383,1,544156,1,2022.8867999999961,1,0
OTLK,2024-11-27,75.45670347817112,1,200315,1,24.986099999995748,1,0
UMAC,2024-11-29,30.750264177527285,1,407836,0,0.0,0,1
PPBT,2024-12-02,69.4672131147541,5,274921,1,3743.119799999997,1,0
SNTI,2024-12-02,43.220338983050844,1,881064,1,3631.4562599999963,1,0
JYD,2024-12-03,33.3662632748827,1,77903,0,0.0,0,1
BBAI,2024-12-03,30.87557603686635,1,1256628,0,0.0,0,1
PSQH,2024-12-03,73.13769751693002,1,1108176,0,0.0,0,1
MIGI,2024-12-05,47.777777777777786,1,312413,1,6532.251059999996,1,0
ADCT,2024-12-06,53.05623471882641,1,198901,0,0.0,0,1
GXAI,2024-12-06,30.15075376884422,3,301040,1,5360.814929999996,1,0
UAMY,2024-12-06,37.681159420289866,2,167601,0,0.0,0,1
QSI,2024-12-09,39.7163120567376,2,418140,0,0.0,0,1
GXAI,2024-12-10,37.127371273712725,5,465718,1,1511.390544999998,1,0
RGTI,2024-12-10,51.69194865810969,1,2555257,0,0.0,0,1
CDIO,2024-12-10,31.53087321885275,4,87644,0,0.0,0,1
CDIO,2024-12-11,35.13513513513513,5,99759,0,0.0,0,1
HIMX,2024-12-12,48.37244511733536,1,327254,0,0.0,0,1
WKEY,2024-12-13,137.5757575757576,2,409590,1,3489.053099999998,1,0
BZUN,2024-12-16,34.29602888086642,1,197717,0,0.0,0,1
OPTX,2024-12-16,78.75176731973339,1,60010,0,0.0,0,1
WKEY,2024-12-16,30.31624863685931,3,343674,0,0.0,0,1
RMNI,2024-12-16,32.66331658291457,1,96826,0,0.0,0,1
SIDU,2024-12-16,108.03571428571428,2,896565,0,0.0,0,1
RZLV,2024-12-17,50.114942528735654,1,436981,0,0.0,0,1
DFNS,2024-12-17,437.41496598639446,1,957943,1,2500.3954249999974,1,0
KULR,2024-12-18,39.26174496644297,1,1317176,0,0.0,0,1
GGRP,2024-12-18,59.69773299748109,4,169354,1,1698.4181249999995,1,0
PLRZ,2024-12-18,31.854838709677423,1,239860,1,5428.730264999994,1,0
QUBT,2024-12-18,33.22924798334634,4,2083533,0,0.0,0,1
PRFX,2024-12-19,105.05617977528088,1,594292,1,4929.411959999994,1,0
PSNL,2024-12-19,36.58854166666667,1,138291,0,0.0,0,1
OPTX,2024-12-20,73.69727047146401,1,256344,1,24.984539999997175,1,0
NVNI,2024-12-20,43.66438356164384,2,195185,0,0.0,0,1
CTEV,2024-12-24,76.37681159420289,1,69980,1,1637.7003899999977,1,0
PDYN,2024-12-24,31.951871657753994,1,268751,0,0.0,0,1
BAOS,2024-12-24,133.78378378378378,1,253467,1,9676.548449999998,1,0
ABAT,2024-12-24,31.645569620253156,1,233958,0,0.0,0,1
HOUR,2024-12-24,112.07729468599035,2,438831,1,4115.678379999999,1,0
KULR,2024-12-26,36.37660485021399,2,1365932,0,0.0,0,1
BCG,2024-12-26,41.81818181818182,1,90345,0,0.0,0,1
LAES,2024-12-26,67.75431861804225,1,1170107,0,0.0,0,1
QSI,2024-12-26,65.38461538461537,1,1454794,0,0.0,0,1
KITT,2024-12-26,48.33333333333334,5,96917,0,0.0,0,1
MVST,2024-12-26,35.20000000000001,1,433159,0,0.0,0,1
SES,2024-12-26,40.09900990099009,2,638150,1,3534.7903199999964,1,0
CTM,2024-12-26,71.22859642544684,2,541018,0,0.0,0,1
AMPG,2024-12-26,39.89218328840971,4,205239,0,0.0,0,1
HOVR,2024-12-26,60.0950782997763,1,73726,0,0.0,0,1
AIRE,2024-12-26,84.49612403100775,2,417928,0,0.0,0,1
HOLO,2024-12-27,40.76246334310849,4,375228,0,0.0,0,1
PDYN,2024-12-27,33.52272727272727,3,501109,0,0.0,0,1
HOLO,2024-12-30,41.59292035398232,5,720995,0,0.0,0,1
INTZ,2024-12-30,31.010452961672485,4,710619,1,4727.172889999997,1,0
RVSN,2024-12-30,72.53521126760565,1,284934,0,0.0,0,1
AERT,2024-12-30,32.057416267942585,1,87649,0,0.0,0,1
WATT,2024-12-30,117.741935483871,1,754007,0,0.0,0,1
XPON,2024-12-30,33.01435406698565,1,66644,0,0.0,0,1
IDAI,2024-12-30,75.64751414111343,1,123152,0,0.0,0,1
FFAI,2024-12-30,37.199124726476995,4,1022190,0,0.0,0,1
