symbol,date,open,high,low,close,volume,gain_percent,days_up,prior_gain
MNOV,2020-07-27,6.6,13.2,6.6,10.99,405585,66.51515151515153,1,0.0
SYPR,2020-07-28,1.07,2.085,0.9514,1.62,64229,51.4018691588785,1,0.0
KODK,2020-07-29,18.66,55.96,17.555,33.21,2212407,77.9742765273312,1,631.764705882353
KNDI,2020-07-29,3.9,9.7,3.8,9.32,107441,138.97435897435898,1,-2.377972465581979
PRPO,2020-07-30,5.17,7.995,3.84,6.985,328817,35.10638297872342,2,311.95219123505973
TAOP,2020-07-30,3.565,14.97,2.66,8.605,1057688,141.37447405329593,1,793.0360721442886
JMIA,2020-08-03,15.52,20.995,14.45,20.99,561869,35.244845360824726,5,59.01639344262295
PBI,2020-08-03,3.51,5.49,3.51,4.915,650336,40.028490028490026,4,22.086956521739133
IZEA,2020-08-05,1.38,1.97,1.35,1.84,151005,33.33333333333335,1,19.480519480519476
OPTT,2020-08-12,1.17,1.745,1.17,1.585,63987,35.47008547008548,1,21.875
IGC,2020-08-12,0.9753,2.65,0.9753,2.59,1096582,165.5593150825387,1,49.815668202764975
AHG,2020-08-13,0.8772,2.43,0.86,2.4,110344,173.59781121751024,1,13.922077922077914
ERNA,2020-08-13,2.95,7.73,2.83,4.14,595247,40.338983050847446,2,39.81042654028437
TOPS,2020-08-20,1.075,1.78,1.015,1.71,140807,59.06976744186048,1,-21.245421245421248
GEVO,2020-08-20,0.9699,2.17,0.8837,1.82,4589348,87.64821115578927,2,71.14875595553202
PED,2020-08-27,1.58,2.5,1.58,2.4,319717,51.898734177215175,1,59.5959595959596
GOGO,2020-09-02,6.93,10.045,6.86,9.485,1128766,36.86868686868687,3,34.172313649564366
NEXT,2020-09-14,2.0,3.0,2.0,2.975,83749,48.75000000000001,1,60.64257028112448
CRDF,2020-09-17,6.15,11.14,5.98,8.14,548653,32.35772357723577,1,-0.8064516129032251
OXBR,2020-09-28,1.555,9.62,1.555,2.91,558464,87.13826366559488,1,26.93877551020407
AMBO,2020-09-28,2.77,6.42,2.77,3.99,120317,44.04332129963899,1,38.5
ADIL,2020-09-29,1.82,3.99,1.75,3.04,164303,67.03296703296704,2,38.403041825095066
WWR,2020-10-02,2.7,5.6,2.68,4.4,2568618,62.962962962962976,1,79.40199335548175
WWR,2020-10-05,4.8,9.14,4.61,8.3,2869233,72.9166666666667,2,151.96850393700788
PPSI,2020-10-06,3.33,9.375,2.9,4.79,928540,43.843843843843835,2,104.29447852760738
OPTT,2020-10-06,1.47,2.56,1.395,2.19,195599,48.979591836734706,3,47.73869346733668
ELSE,2020-10-06,3.69,8.725,3.69,8.49,102080,130.0813008130081,1,2.216066481994461
CVV,2020-10-07,3.16,7.42,3.16,5.75,213107,81.9620253164557,1,-5.952380952380942
IH,2020-10-09,12.29,16.1,12.29,16.1,58584,31.00081366965015,1,0.0
WAFU,2020-10-12,3.46,7.69,3.46,6.87,83517,98.55491329479769,1,-0.5747126436781658
REPL,2020-10-14,25.175,46.29,25.175,36.19,474175,43.753723932472674,1,0.6195043964828173
MDRR,2020-10-14,2.04,6.06,2.03,2.86,442654,40.19607843137254,1,42.65734265734267
KXIN,2020-10-14,0.71,2.18,0.71,1.91,90199,169.01408450704224,1,69.04761904761905
KXIN,2020-10-16,1.585,4.49,1.585,2.19,203907,38.17034700315458,3,244.56521739130434
AIHS,2020-10-19,0.944,1.5,0.9298,1.41,53078,49.36440677966101,1,50.27061445399554
KXIN,2020-10-19,3.285,13.35,2.77,8.08,1406668,145.96651445966512,4,613.820078226858
MATH,2020-10-19,1.72,3.69,1.65,2.46,54810,43.0232558139535,1,63.8095238095238
MATH,2020-10-20,2.14,4.26,2.1,3.675,59787,71.72897196261681,2,98.14814814814814
TC,2020-10-22,4.18,6.42,4.14,5.86,67527,40.191387559808625,2,266.66666666666663
MAX,2020-10-28,22.01,31.8,21.875,31.79,231473,44.4343480236256,1,0.0
POLA,2020-10-29,2.6,3.87,2.6,3.685,1099825,41.73076923076924,1,-5.454545454545457
MARPS,2020-10-30,2.46,5.83,2.46,3.36,72566,36.58536585365852,1,-32.231404958677686
APVO,2020-11-03,7.98,11.39,7.1,11.22,567930,40.601503759398504,1,16.326530612244895
APVO,2020-11-04,10.0,18.145,8.935,16.69,709301,66.9,2,62.074554294975684
APVO,2020-11-05,14.78,26.23,13.965,21.2,585816,43.43707713125846,3,131.66144200626957
AHT,2020-11-09,1.8,5.31,1.77,4.69,452419,160.55555555555557,1,27.65957446808511
GTEC,2020-11-10,3.41,9.97,3.34,5.14,816990,50.733137829912,1,34.251968503937015
EQ,2020-11-11,3.69,6.43,3.66,5.1,470647,38.21138211382114,1,-26.640159045725653
CBAT,2020-11-16,7.92,11.385,7.15,11.19,578610,41.28787878787878,3,122.15988779803646
SBLX,2020-11-19,4.44,6.53,4.44,6.15,234198,38.51351351351351,2,26.49572649572651
KXIN,2020-11-20,3.635,7.43,3.635,5.99,334340,64.78679504814306,1,16.134185303514382
TANH,2020-11-23,1.43,2.34,1.39,2.12,254832,48.251748251748275,1,-60.387811634349035
FTEK,2020-11-23,1.59,2.86,1.59,2.78,162105,74.84276729559747,4,63.95133017116932
GSM,2020-11-23,1.035,1.785,1.02,1.4,55890,35.26570048309179,4,48.5361653272101
GEVO,2020-11-23,1.42,2.14,1.41,2.12,177072,49.29577464788735,1,38.53658536585367
FCEL,2020-11-23,6.17,8.69,6.16,8.545,1666497,38.49270664505673,4,64.53333333333333
YJ,2020-11-24,2.65,5.7,2.63,4.29,549166,61.8867924528302,3,43.24324324324322
NVVE,2020-11-25,14.985,22.69,14.7,22.22,265675,48.2816149482816,1,49.849999999999994
TWAV,2020-11-30,4.34,12.22,4.11,10.19,67476,134.79262672811058,4,21.2290502793296
CAAS,2020-11-30,7.47,10.45,5.79,10.42,145324,39.49129852744311,1,121.66172106824926
YALA,2020-11-30,11.06,15.6,10.53,15.3,102031,38.336347197106704,1,15.08844953173778
LXRX,2020-12-08,2.35,4.04,2.22,3.09,1254324,31.48936170212764,3,60.409556313993164
GOVX,2020-12-09,3.13,7.5,3.13,5.81,188219,85.62300319488818,1,12.589928057553967
SLS,2020-12-10,9.21,19.37,7.14,17.3,1183461,87.83930510314875,3,149.59349593495938
NVNO,2020-12-11,8.91,17.5,8.91,11.62,72875,30.415263748597066,1,21.142080217539096
BCDA,2020-12-15,5.05,8.58,5.03,6.66,189821,31.881188118811888,2,93.85796545105565
DWTX,2020-12-17,12.25,16.45,10.45,16.45,244780,34.28571428571428,1,0.0
MVIS,2020-12-22,6.54,9.715,6.25,9.24,1287049,41.28440366972477,2,57.02280912364945
AQMS,2020-12-22,1.83,2.65,1.83,2.475,202782,35.24590163934427,1,52.500000000000014
BGMS,2020-12-23,6.25,8.61,6.25,8.49,89800,35.84,4,45.6876456876457
SPRU,2020-12-23,19.8,34.47,19.12,32.56,425115,64.44444444444446,1,31.91205862758162
JAGX,2020-12-23,0.7156,1.265,0.65,1.055,1192380,47.42873113471211,3,71.60671462829737
FRSX,2020-12-23,4.22,6.45,3.95,5.72,995127,35.54502369668246,4,133.1491712707182
BWEN,2020-12-28,6.2,8.82,6.2,8.72,132669,40.645161290322584,1,44.353899883585576
MPU,2020-12-28,6.045,38.04,5.79,13.68,428522,126.30272952853599,2,146.73469387755097
BTBT,2020-12-28,6.69,12.4,6.43,10.445,211041,56.128550074738406,1,19.57104557640752
EQ,2020-12-29,4.4,6.345,4.09,6.2,88312,40.90909090909089,1,-7.2708113804004215
BNGO,2020-12-29,0.9497,1.49,0.9401,1.33,1556215,40.044224491944824,2,71.1171171171171
IPDN,2020-12-30,1.91,5.51,1.86,2.625,252549,37.434554973821996,2,59.16666666666666
FGNX,2020-12-30,3.67,4.89,3.67,4.78,65336,30.245231607629442,1,21.122112211221133
MPU,2020-12-31,7.68,15.0,7.68,10.77,244037,40.234375,1,225.42372881355934
BTBT,2020-12-31,14.12,24.29,13.86,21.79,346971,54.320113314447596,4,134.356846473029
MBAI,2021-01-04,0.7222,1.65,0.68,1.44,1140849,99.3907504846303,4,88.5639686684073
JAGX,2021-01-04,0.91,1.85,0.8997,1.8,1011346,97.80219780219781,4,30.000000000000004
BNGO,2021-01-04,5.24,7.23,4.51,7.11,3013885,35.68702290076335,5,648.1439177612793
NCTY,2021-01-05,6.33,10.09,5.98,8.55,146269,35.07109004739337,2,68.8
NCTY,2021-01-06,9.65,15.79,9.6,14.72,278586,52.53886010362694,3,210.28938906752416
FTFT,2021-01-07,2.33,5.89,2.18,5.75,1682985,146.78111587982832,1,22.955145118733512
DDD,2021-01-07,13.45,25.29,13.22,22.955,3398220,70.66914498141263,3,25.75970079476391
LMFA,2021-01-08,0.84,2.31,0.83,2.11,520385,151.19047619047618,1,20.568393856753264
SIFY,2021-01-11,1.65,3.68,1.65,2.84,87392,72.12121212121212,3,28.90625
LCID,2021-01-11,10.035,13.92,10.03,13.14,2409702,30.94170403587444,1,0.04985044865404298
CRVO,2021-01-11,0.9735,1.335,0.96,1.285,55844,31.99794555726758,1,15.31627576403698
GME,2021-01-13,20.31,38.59,20.11,31.59,2523582,55.53914327917282,1,10.380434782608706
SAVA,2021-01-13,8.33,12.95,8.18,11.43,171987,37.214885954381735,1,1.833740831295838
FRSX,2021-01-13,4.51,7.9,4.33,6.76,490919,49.88913525498893,1,9.732360097323589
CRNT,2021-01-15,3.05,6.26,3.05,4.84,621280,58.68852459016394,1,-10.029498525073755
WWR,2021-01-19,5.12,7.06,4.98,6.99,269466,36.5234375,1,2.7081243731193583
AIRG,2021-01-19,19.82,27.55,19.72,26.0,50567,31.180625630676072,1,8.306010928961749
SENS,2021-01-19,1.56,2.975,1.505,2.77,2576260,77.56410256410255,1,82.75538894095595
NDRA,2021-01-19,1.27,1.71,1.23,1.69,138817,33.07086614173227,2,41.11111111111112
COCP,2021-01-19,1.62,2.425,1.62,2.195,116865,35.49382716049381,1,11.724137931034484
ACRS,2021-01-19,14.07,19.94,13.31,18.71,1601750,32.97796730632552,1,122.09944751381214
DARE,2021-01-19,1.44,2.65,1.44,2.35,135571,63.194444444444464,1,8.679245283018865
INUV,2021-01-19,0.96,1.7,0.9171,1.45,666064,51.04166666666667,1,46.56488549618318
PAYO,2021-01-20,10.545,13.81,10.5,13.76,289418,30.48838311996207,1,-1.3564078578110372
TLSA,2021-01-20,3.51,5.29,3.44,4.685,169108,33.47578347578348,2,23.15789473684209
EXPR,2021-01-22,1.165,1.995,1.16,1.8,305774,54.50643776824033,1,-8.267716535433067
OPTT,2021-01-22,4.11,5.58,4.1,5.58,339334,35.76642335766422,4,40.75342465753427
POLA,2021-01-22,17.64,24.85,17.5,23.58,145357,33.673469387755084,2,100.6825938566553
ANY,2021-01-25,1.94,3.38,1.94,2.78,157866,43.29896907216495,1,-9.345794392523377
IZEA,2021-01-25,5.18,7.4,5.18,7.0,209960,35.13513513513513,3,61.87499999999999
LFMD,2021-01-26,13.22,18.13,13.15,17.84,51270,34.94704992435702,5,70.58064516129032
TRVG,2021-01-27,2.12,5.86,2.09,3.17,1157078,49.52830188679245,1,0.952380952380949
JILL,2021-01-27,4.84,8.57,4.41,6.44,101365,33.057851239669425,1,25.38860103626943
CENN,2021-01-27,0.3525,1.5,0.35,1.365,3596685,287.2340425531915,1,-18.909592822636302
TOON,2021-01-27,1.63,3.0,1.61,2.995,714267,83.74233128834359,1,14.7887323943662
BBW,2021-01-27,4.75,8.26,4.75,6.77,185186,42.52631578947368,1,7.954545454545436
NOK,2021-01-27,4.975,8.81,4.87,6.6,16832940,32.66331658291457,1,18.17102137767219
CVM,2021-01-27,14.11,40.77,14.05,26.575,324468,88.34160170092133,1,-2.857142857142858
PED,2021-01-28,1.43,3.5,1.43,2.71,116189,89.51048951048952,1,-0.694444444444442
NEGG,2021-01-28,7.055,16.88,7.055,10.0,359107,41.7434443656981,3,35.15325670498084
USEG,2021-01-28,4.36,7.91,4.36,6.56,94183,50.458715596330265,1,-3.964757709251099
GSM,2021-02-01,2.07,3.12,2.07,2.74,427862,32.36714975845412,1,-3.2710280373831946
VXRT,2021-02-02,17.12,24.85,14.71,23.35,492981,36.390186915887845,3,82.32161874334398
OCGN,2021-02-02,2.08,3.73,2.01,3.31,2495446,59.13461538461537,1,8.616187989556146
SLS,2021-02-02,6.24,8.77,6.08,8.16,76072,30.76923076923077,1,5.762711864406778
SOGP,2021-02-03,6.43,10.32,6.24,8.47,212521,31.726283048211524,3,82.67045454545455
CLNN,2021-02-03,7.97,13.585,7.82,13.1,52202,64.366373902133,1,22.427035330261134
CPSH,2021-02-03,8.89,17.4,8.33,16.555,378521,86.22047244094486,1,27.181688125894144
BDRX,2021-02-04,2.7,3.8,2.7,3.77,74008,39.62962962962961,2,24.42396313364057
SOGP,2021-02-04,10.91,16.0,10.61,14.38,303702,31.805682859761685,4,221.82890855457225
SINT,2021-02-04,1.96,2.75,1.94,2.605,174857,32.90816326530612,1,8.287292817679548
CNSP,2021-02-04,2.14,3.63,2.11,3.36,64356,57.009345794392516,1,17.260273972602747
AACG,2021-02-04,3.65,19.59,3.47,13.89,1090718,280.5479452054795,1,196.74796747967477
WAFU,2021-02-04,6.4,9.41,6.4,8.5,63895,32.8125,5,39.13043478260872
AAME,2021-02-05,3.61,15.73,3.61,5.0,844572,38.50415512465375,2,39.38223938223939
OCGN,2021-02-05,3.41,5.9,3.11,5.245,2263225,53.81231671554252,1,92.65536723163844
OGI,2021-02-08,2.48,3.36,2.48,3.29,318977,32.66129032258065,1,36.63911845730028
OCGN,2021-02-08,9.28,18.73,9.15,15.84,3866809,70.68965517241381,2,414.12742382271466
NAUT,2021-02-08,13.615,25.66,13.615,22.16,339070,62.76165993389644,2,20.700354609929093
SGLY,2021-02-08,7.26,10.96,7.09,10.94,171889,50.688705234159784,1,17.475728155339798
DCOY,2021-02-08,1.63,2.3,1.51,2.185,139063,34.04907975460123,3,45.535714285714256
EFOI,2021-02-09,5.11,9.6,5.11,7.13,147711,39.5303326810176,1,6.016597510373445
ADAG,2021-02-09,20.45,30.95,20.44,29.32,194062,43.37408312958435,1,0.0
ORIO,2021-02-09,7.86,11.79,7.84,10.445,157482,32.88804071246818,5,81.10599078341014
SINT,2021-02-09,2.3,3.06,2.26,3.02,86749,31.304347826086975,2,26.72176308539944
CMMB,2021-02-10,3.07,10.42,3.07,7.95,190799,158.95765472312706,1,28.99159663865547
SNDL,2021-02-10,2.2,3.04,1.93,2.93,13077016,33.18181818181818,3,82.57261410788381
RKDA,2021-02-10,4.07,5.9,4.07,5.56,150499,36.60933660933659,3,34.768211920529815
LDI,2021-02-11,14.005,23.15,14.005,20.45,156891,46.01927882898964,1,0.0
HYLN,2021-02-11,15.86,22.22,15.32,20.76,746458,30.895334174022704,1,-0.18879798615482057
XTIA,2021-02-11,1.68,2.88,1.63,2.285,921470,36.011904761904766,1,0.5988023952095745
SOS,2021-02-11,4.2,7.12,4.18,6.285,658116,49.642857142857146,1,20.863309352517987
TOPS,2021-02-12,2.57,3.85,2.57,3.63,250663,41.24513618677044,2,21.800947867298582
PRTA,2021-02-12,16.9,23.53,16.83,22.88,65393,35.384615384615394,1,16.8741355463347
SOS,2021-02-12,5.48,7.75,5.3,7.425,800682,35.49270072992699,2,42.15304798962387
SHIP,2021-02-12,1.49,2.15,1.4,2.0,917069,34.228187919463096,1,29.00432900432901
PXS,2021-02-16,1.7,4.55,1.68,2.97,304604,74.7058823529412,2,35.999999999999986
SCKT,2021-02-16,10.24,34.93,9.18,20.92,2319343,104.296875,2,248.2993197278912
XTKG,2021-02-17,4.34,9.65,4.17,6.4,68861,47.46543778801844,1,31.51515151515152
CNET,2021-02-17,4.54,6.18,4.2,6.1,267155,34.36123348017621,1,38.83792048929664
JFU,2021-02-18,1.89,3.5,1.87,2.605,490730,37.830687830687836,1,-18.3585313174946
UAMY,2021-02-19,1.51,2.52,1.51,2.015,337166,33.443708609271525,1,57.127991675338194
MATH,2021-02-19,2.85,3.82,2.85,3.72,56768,30.526315789473692,1,4.395604395604402
TAOP,2021-02-22,6.86,14.4,6.84,10.95,1161474,59.620991253644306,1,55.203619909502265
PAVM,2021-02-22,4.0,5.62,3.93,5.54,130193,38.5,1,13.636363636363647
ZKIN,2021-02-22,7.84,12.74,7.62,10.21,60869,30.229591836734706,4,45.72490706319703
SLDB,2021-02-23,6.72,9.905,6.69,9.71,86263,44.49404761904763,1,-7.438016528925617
NAGE,2021-02-25,10.26,23.65,10.26,18.74,1458236,82.65107212475633,1,36.25498007968127
XTNT,2021-02-26,2.02,6.58,2.02,4.31,455791,113.36633663366334,1,-1.9417475728155331
SLE,2021-03-04,6.15,9.09,5.97,8.845,1837798,43.82113821138211,1,100.3257328990228
VANI,2021-03-05,2.28,9.88,2.07,5.76,7924238,152.63157894736844,1,29.91452991452992
EXPR,2021-03-08,2.51,4.345,2.51,4.0,489853,59.36254980079683,1,-10.676156583629904
MYND,2021-03-11,3.8,5.76,3.8,4.95,84603,30.263157894736857,3,20.63492063492063
FINV,2021-03-11,6.02,10.59,5.8,9.77,1538300,62.292358803986716,1,16.893203883495133
MI,2021-03-15,4.08,9.24,3.92,8.22,78115,101.47058823529412,3,63.20000000000001
NTRP,2021-03-15,4.94,9.75,4.91,7.61,2454564,54.04858299595141,1,60.91205211726387
OCG,2021-03-15,4.61,9.575,4.51,9.15,168427,98.48156182212581,3,48.231511254019296
JILL,2021-03-16,5.52,9.42,5.52,7.71,77243,39.67391304347827,4,38.345864661654126
SOGP,2021-03-16,10.36,15.24,9.82,13.62,517346,31.46718146718146,1,51.240875912408754
MI,2021-03-17,5.34,24.84,5.34,21.8,627029,308.2397003745319,1,97.77777777777776
IMTE,2021-03-17,4.62,9.46,4.62,8.26,345382,78.78787878787878,1,5.239179954441919
OCG,2021-03-17,5.34,11.21,5.34,10.51,470669,96.81647940074907,1,57.05882352941176
JFIN,2021-03-18,5.42,13.59,5.3,9.4,1854907,73.43173431734317,2,33.16953316953315
JFIN,2021-03-22,7.8,14.94,7.62,14.5,849571,85.8974358974359,1,74.10714285714283
MI,2021-03-22,25.71,52.11,25.71,47.15,613582,83.39167639050953,2,212.77372262773721
BNTC,2021-03-23,6.81,10.37,5.31,9.26,1000061,35.976505139500745,1,122.5490196078431
DLPN,2021-03-23,10.77,18.18,10.1,18.18,3081279,68.80222841225627,1,119.34826883910384
WKEY,2021-03-24,10.61,22.36,9.83,20.49,938816,93.11969839773798,1,34.64467005076142
KOSS,2021-03-25,15.93,25.99,15.93,25.48,168187,59.94978028876334,1,-37.77343750000001
PRQR,2021-03-25,5.82,9.46,5.82,9.24,1398205,58.762886597938135,1,5.626134301270436
POLA,2021-03-25,9.41,12.64,9.38,12.4,65057,31.77470775770457,1,-22.615131578947366
DSGN,2021-03-26,25.96,49.81,25.915,41.0,141753,57.93528505392911,1,0.0
IMA,2021-03-26,22.66,37.245,19.32,31.87,150281,40.64430714916152,1,0.0
WAFU,2021-03-26,8.52,20.97,8.52,12.68,1347883,48.8262910798122,1,44.651952461799674
VVPR,2021-03-30,7.94,11.32,7.94,10.56,65210,32.99748110831233,1,-10.282485875706204
WAFU,2021-03-31,8.56,15.9,8.21,12.49,977812,45.91121495327102,1,60.902255639097746
MPU,2021-04-01,4.15,15.8,4.15,9.58,1145560,130.8433734939759,1,-45.178335535006596
UXIN,2021-04-01,1.31,2.01,1.23,1.985,3156838,51.526717557251914,3,27.804878048780513
SKLZ,2021-04-21,12.59,16.83,12.43,16.75,1343367,33.04209690230342,1,-23.044009779951104
OCGN,2021-04-22,6.72,9.535,6.62,9.27,682194,37.946428571428584,1,9.268292682926816
ERNA,2021-04-22,9.31,13.45,9.135,12.45,77977,33.72717508055851,1,48.248407643312106
UXIN,2021-04-23,1.38,2.46,1.37,2.125,722525,53.98550724637683,1,5.343511450381677
MI,2021-04-23,24.95,35.47,24.75,32.51,159095,30.30060120240481,4,21.945259042033214
RAIL,2021-04-23,5.12,7.16,5.12,6.66,143214,30.078125,1,8.245243128964042
RVPH,2021-04-26,4.96,9.47,4.96,8.64,290420,74.1935483870968,1,1.4314928425357865
MVIS,2021-04-26,19.96,27.74,19.76,26.47,1811268,32.61523046092183,2,89.91436726926739
VXRT,2021-04-27,6.22,9.495,6.22,8.34,1715562,34.083601286173625,2,22.440944881889745
ERNA,2021-04-27,15.62,27.56,15.62,24.785,115500,58.674775928297066,4,59.063136456211794
UXIN,2021-04-28,1.91,3.255,1.91,2.92,972957,52.87958115183247,1,50.98814229249011
ERNA,2021-04-28,22.79,54.23,21.505,43.105,422083,89.13997367266344,5,156.06741573033705
ERNA,2021-04-30,31.035,59.55,29.58,49.34,306805,58.981794747865315,1,93.84759525296688
PRPO,2021-05-03,1.9,4.94,1.9,4.92,2184545,158.94736842105263,1,-1.5544041450777257
BRN,2021-05-03,2.14,4.33,2.14,3.04,100677,42.05607476635513,1,-1.3824884792626668
LEDS,2021-05-04,3.7,7.16,3.56,5.955,185880,60.94594594594594,1,-4.884318766066842
COCP,2021-05-04,1.64,3.45,1.54,2.135,2309934,30.182926829268286,1,32.258064516129025
AMS,2021-05-05,2.68,5.0,2.63,3.53,88789,31.716417910447745,1,2.0952380952381056
LEDS,2021-05-06,5.38,13.35,5.38,10.26,2067124,90.70631970260223,3,41.57894736842105
IHT,2021-05-10,3.53,6.75,2.915,6.17,181650,74.78753541076489,1,64.95327102803736
JMIA,2021-05-11,18.08,25.45,17.93,25.155,392540,39.13163716814161,1,-33.17316577342451
IHT,2021-05-11,4.6,8.39,4.015,6.4,172702,39.13043478260872,2,106.27802690582956
PRSO,2021-05-14,2.945,4.97,2.945,4.39,126045,49.066213921901536,1,-10.213414634146345
TRAW,2021-05-18,0.7878,1.1,0.7551,1.07,316971,35.821274435135834,3,50.42963528737825
PRSO,2021-05-19,4.1,5.7,4.0,5.46,120419,33.17073170731708,1,36.8948247078464
UONE,2021-05-20,6.18,9.94,6.02,9.56,786937,54.69255663430421,2,20.23346303501945
PVLA,2021-05-25,2.26,3.78,2.17,3.71,1383421,64.15929203539825,1,18.01566579634464
ABTS,2021-05-25,13.24,19.66,13.2,17.92,99458,35.34743202416919,1,-1.9259259259259198
SOGP,2021-05-26,4.36,7.995,4.36,6.81,224264,56.192660550458704,1,-3.325942350332578
AMC,2021-05-27,18.63,29.735,18.32,26.75,6580194,43.58561460010737,4,48.920863309352505
EXPR,2021-06-02,4.95,6.64,4.93,6.5,921222,31.313131313131315,2,25.47528517110267
KOSS,2021-06-02,26.56,43.69,25.34,40.63,250418,52.97439759036146,1,28.185328185328196
EFOI,2021-06-03,4.19,8.105,4.19,5.85,148111,39.618138424820984,1,6.075949367088618
AMSC,2021-06-04,13.31,18.49,13.31,17.54,109539,31.780616078136738,1,-10.910307898259697
CLOV,2021-06-08,16.565,24.93,16.33,22.04,11318349,33.051614850588585,2,114.43365695792882
IHT,2021-06-08,8.56,14.59,8.56,11.51,156234,34.4626168224299,1,22.988505747126453
DMRA,2021-06-10,5.03,16.38,5.03,8.2,201015,63.02186878727631,1,8.639308855291583
ALF,2021-06-15,5.2,6.94,4.67,6.9,676258,32.692307692307686,3,52.941176470588246
ALF,2021-06-18,6.05,8.54,6.05,8.09,179452,33.719008264462815,1,69.46778711484593
ALF,2021-06-22,9.51,16.42,9.055,16.345,638317,71.87171398527865,1,37.82608695652172
XTKG,2021-06-29,1.51,2.84,1.51,2.84,180122,88.07947019867548,1,11.029411764705866
DDL,2021-06-30,25.99,46.0,25.5,37.285,55811,43.459022701038855,1,10.057167054838034
BLIN,2021-07-02,6.2,8.93,6.03,8.93,302908,44.032258064516114,1,170.74235807860262
XTKG,2021-07-06,1.85,3.59,1.85,3.01,259059,62.70270270270268,1,29.824561403508774
NEGG,2021-07-06,19.8,29.65,19.29,27.05,53795,36.61616161616161,5,93.17073170731709
IPW,2021-07-07,5.62,8.01,5.535,7.66,50625,36.29893238434163,1,-21.835883171070936
LMFA,2021-07-08,3.84,7.81,3.82,5.63,436574,46.61458333333333,1,-9.859154929577462
MDIA,2021-07-12,4.94,17.36,4.72,17.17,284060,247.57085020242914,2,30.00000000000003
WORX,2021-07-12,1.73,3.32,1.73,2.635,131720,52.312138728323696,1,0.5813953488372103
RNAZ,2021-07-12,4.83,6.37,4.69,6.37,53453,31.8840579710145,1,-7.648183556405364
RCAT,2021-07-13,2.99,6.05,2.99,4.75,164172,58.862876254180584,1,-14.814814814814802
RCAT,2021-07-16,4.89,7.44,4.89,7.125,77139,45.70552147239264,4,56.23003194888179
AEHR,2021-07-19,4.92,6.67,4.24,6.46,542816,31.300813008130078,2,64.54849498327758
AEMD,2021-07-19,3.75,5.02,3.75,4.925,172609,31.333333333333325,1,-5.063291139240511
LXU,2021-07-20,4.8,7.6,4.8,7.0,87218,45.83333333333335,1,-19.463087248322154
HYFT,2021-07-22,6.73,16.22,6.73,13.17,478342,95.69093610698364,1,21.261261261261268
NRXP,2021-07-22,11.67,18.22,11.06,16.45,686232,40.95972579263068,2,21.68925964546402
FEED,2021-07-23,0.7296,2.615,0.717,2.59,307265,254.98903508771926,1,-2.067114093959732
NRXP,2021-07-23,20.12,26.24,16.6,26.24,577207,30.41749502982105,3,138.95486935866984
NCTY,2021-07-26,9.58,13.85,9.19,13.36,225854,39.4572025052192,1,8.678389109472494
BTBT,2021-07-26,4.92,9.4,4.91,8.84,1336280,79.67479674796746,1,14.285714285714302
INTZ,2021-07-27,3.66,7.16,3.66,5.105,575860,39.4808743169399,1,-12.857142857142856
ZSTK,2021-07-28,5.235,10.18,5.235,8.26,481812,57.784145176695304,1,63.59375000000001
XBIO,2021-07-29,3.02,5.29,3.02,5.28,181646,74.83443708609272,3,54.871794871794876
ZSTK,2021-08-03,7.78,14.7,7.78,12.69,347989,63.11053984575834,3,55.28942115768465
FULC,2021-08-10,13.145,22.0,12.09,18.74,1532469,42.56371243818941,5,80.31550068587106
MPU,2021-08-11,19.03,31.88,19.03,25.18,51301,32.31739358906989,1,-23.66626554352186
PMCB,2021-08-13,2.36,4.43,2.33,3.195,87573,35.3813559322034,1,-22.622950819672127
ZSTK,2021-08-13,12.86,17.38,12.28,17.19,205048,33.67029548989115,1,2.3885350318471277
PMCB,2021-08-18,6.38,9.93,6.09,9.77,538369,53.134796238244505,2,128.67383512544802
TROO,2021-08-18,4.34,8.18,4.34,7.2,381800,65.89861751152075,1,-33.23076923076923
MI,2021-08-25,6.77,12.68,6.67,10.85,561188,60.26587887740029,2,29.198473282442738
ATER,2021-08-27,4.11,6.64,4.11,6.08,315327,47.93187347931873,1,31.9422150882825
BBIG,2021-08-27,3.53,5.97,3.355,5.255,1123230,48.86685552407932,4,47.390396659707726
RNXT,2021-08-30,7.27,16.71,6.99,15.99,107336,119.94497936726276,1,-3.5809018567639295
FCUV,2021-09-01,6.37,24.46,5.82,19.495,243745,206.04395604395606,1,22.736030828516363
SLAI,2021-09-02,9.7,14.0,9.47,12.63,273502,30.206185567010337,1,19.458128078817726
IPHA,2021-09-03,4.46,8.88,4.07,6.06,237542,35.8744394618834,1,19.25133689839571
ATYR,2021-09-13,6.3,9.285,5.85,9.14,1149470,45.0793650793651,1,14.54545454545455
LIFE,2021-09-13,6.3,9.285,5.85,9.14,1149470,45.0793650793651,1,14.54545454545455
LIDR,2021-09-16,7.17,12.07,7.14,9.68,153402,35.00697350069735,1,-12.77372262773724
CRVS,2021-09-17,3.79,5.79,3.57,5.34,1757109,40.897097625329806,1,52.51509054325956
CRVS,2021-09-21,5.39,9.54,5.36,8.46,544150,56.95732838589984,3,140.62499999999994
ZSTK,2021-09-24,5.1,7.18,4.9,6.89,163768,35.098039215686285,1,-19.431279620853093
IPM,2021-09-29,5.43,14.99,5.43,8.28,516876,52.48618784530385,5,77.45098039215685
ALZN,2021-09-30,2.29,3.55,2.29,3.06,629036,33.624454148471614,1,-12.595419847328248
PED,2021-10-01,1.56,2.395,1.525,2.05,335633,31.410256410256387,1,12.230215827338142
VYGR,2021-10-08,3.77,5.71,3.67,5.55,234830,47.21485411140583,1,44.1682600382409
GWH,2021-10-12,15.95,28.71,15.55,23.51,336221,47.398119122257064,3,79.2134831460674
JSPR,2021-10-13,8.71,18.21,8.7,14.91,208805,71.1825487944891,1,3.015966883500898
AHG,2021-10-19,6.32,9.87,6.28,9.54,66190,50.94936708860758,4,65.0130548302872
AHG,2021-10-20,10.11,19.39,8.64,18.745,284221,85.41048466864494,5,133.48729792147807
OLOX,2021-10-22,3.25,4.54,3.25,4.54,113548,39.69230769230769,1,1.8808777429467183
BKKT,2021-10-27,21.15,30.385,20.32,29.41,595073,39.05437352245864,1,149.99999999999994
CHAI,2021-10-27,2.95,9.67,2.9,5.34,1689900,81.01694915254237,1,-4.8387096774193505
BKKT,2021-10-29,26.09,42.52,25.85,42.52,912744,62.97431966270604,1,225.31172069825436
GREE,2021-10-29,20.75,28.32,20.13,27.14,148721,30.79518072289158,1,2.015732546705995
SDOT,2021-11-01,1.2,2.19,1.16,1.68,436526,39.99999999999999,1,17.647058823529417
BIRD,2021-11-03,21.325,32.41,21.325,28.89,824537,35.47479484173506,1,0.0
PETZ,2021-11-03,1.83,2.38,1.83,2.38,93079,30.05464480874316,1,3.3898305084745894
PPSI,2021-11-08,5.99,12.05,5.61,10.33,971352,72.45409015025042,1,69.2090395480226
NEGG,2021-11-08,11.86,19.83,11.86,18.81,169798,58.600337268128165,1,-3.420195439739415
CBAT,2021-11-08,2.25,3.56,2.25,3.19,177319,41.77777777777778,1,1.3513513513513375
PETZ,2021-11-08,3.69,7.525,3.58,6.13,150779,66.12466124661248,4,104.99999999999999
WNW,2021-11-12,3.37,6.15,3.37,4.56,117522,35.31157270029672,1,0.29761904761904656
IONQ,2021-11-16,19.67,26.845,19.67,26.41,215245,34.26537874936451,1,-12.616614837849838
SEV,2021-11-17,20.155,38.31,20.14,38.07,592458,88.88613247333168,1,0.0
INM,2021-11-17,1.48,2.36,1.48,1.95,469196,31.756756756756754,1,-0.6711409395973145
GTEC,2021-11-22,7.675,12.445,7.13,11.35,171568,47.88273615635179,2,34.413309982486865
LGVN,2021-11-22,9.11,28.46,8.36,28.075,491676,208.17782656421517,1,166.37426900584794
APVO,2021-11-23,9.51,21.97,8.37,16.93,2061978,78.02313354363828,1,-1.7561983471074405
GRI,2021-11-23,4.31,8.47,4.31,7.22,268321,67.51740139211138,1,-8.975712777191147
AIXC,2021-11-23,1.92,3.11,1.57,2.53,511437,31.770833333333325,3,78.6046511627907
LGVN,2021-11-24,17.91,45.0,17.91,40.82,615223,127.91736460078167,1,513.3561643835616
IVVD,2021-11-29,33.86,53.54,33.86,46.46,538061,37.21204961606617,3,68.45771144278605
ISPC,2021-11-29,14.31,28.96,13.02,20.41,474735,42.62753319357093,1,189.67611336032388
ARDX,2021-11-30,0.8646,1.3,0.818,1.16,366309,34.16608836456163,1,-7.99191231244013
ARDX,2021-12-02,1.155,1.79,1.12,1.695,2540704,46.75324675324675,1,24.03350515463918
TULP,2021-12-06,6.19,15.3,6.11,15.15,189836,144.74959612277866,1,6.724137931034502
CPIX,2021-12-06,4.47,7.51,4.17,7.0,104593,56.59955257270695,3,95.19650655021832
TULP,2021-12-08,12.86,24.43,12.265,18.97,272163,47.511664074650085,1,148.74274661508701
TULP,2021-12-09,17.15,35.24,17.15,23.21,124487,35.33527696793004,2,216.42066420664204
CELZ,2021-12-10,1.9,3.245,1.84,2.6,69521,36.8421052631579,1,-12.037037037037045
IVVD,2021-12-16,6.43,16.33,6.27,14.2,2544700,120.8398133748056,1,-81.60228898426324
AUID,2021-12-17,12.84,17.48,12.8,16.715,88921,30.17912772585669,1,-20.960295475530945
SPRB,2021-12-17,2.86,5.78,2.75,4.99,694124,74.47552447552451,1,13.043478260869579
SOPA,2021-12-22,9.89,18.55,9.595,16.285,1055261,64.66127401415571,1,146.63341645885288
FTK,2021-12-29,0.8101,1.195,0.7835,1.1,70031,35.78570546846069,1,28.68943606036538
MFIN,2021-12-29,3.535,6.9,3.535,6.495,110180,83.73408769448373,1,-56.995133819951334
MI,2021-12-29,3.975,5.46,3.975,5.19,192069,30.566037735849072,1,5.5776892430278835
KPRX,2021-12-30,1.11,1.72,1.11,1.67,371046,50.450450450450425,4,23.23748195847677
NTRB,2021-12-31,7.08,12.13,6.67,10.13,1561987,43.07909604519775,3,96.12188365650971
GNPX,2022-01-03,1.53,3.61,1.53,3.47,987889,126.79738562091502,1,13.33333333333333
HOUR,2022-01-07,4.85,10.23,4.85,7.81,151140,61.03092783505155,1,0.0
BBLG,2022-01-10,3.87,6.76,3.87,5.19,463453,34.108527131782964,1,7.499999999999996
GFAI,2022-01-14,1.13,2.14,1.13,1.61,428743,42.477876106194714,1,-6.995884773662564
SBEV,2022-01-14,2.19,4.29,2.19,4.1,236226,87.2146118721461,4,90.43478260869566
INDO,2022-01-27,4.04,9.1,4.0,5.87,96448,45.29702970297029,1,26.249999999999996
KSCP,2022-01-28,7.15,16.07,6.39,16.07,79116,124.75524475524473,1,16.260162601626014
NVCT,2022-02-07,3.58,10.04,3.58,7.95,120785,122.06703910614527,1,7.831325301204828
TISI,2022-02-15,0.94,1.36,0.94,1.27,79583,35.10638297872342,4,45.35333230245862
LRMR,2022-02-15,3.01,4.15,2.75,4.04,144345,34.21926910299005,1,-65.42217116599656
SKLZ,2022-02-24,2.21,2.9,2.18,2.885,1033652,30.542986425339368,1,-48.96073903002309
HTZ,2022-02-24,15.11,19.935,15.02,19.76,478208,30.774321641297163,1,-22.313624678663235
REAL,2022-02-24,5.99,7.935,5.81,7.91,276385,32.0534223706177,1,-34.961997828447345
OPAD,2022-02-24,3.73,4.865,3.73,4.865,92932,30.4289544235925,1,-13.75722543352601
FUBO,2022-02-24,6.29,8.41,6.23,8.405,612005,33.62480127186009,1,-41.65120593692022
IMPP,2022-02-25,1.46,2.235,1.385,2.065,987804,41.43835616438356,1,170.37037037037032
MULN,2022-02-28,1.005,1.95,0.9513,1.665,3512387,65.67164179104479,1,59.57446808510636
INDO,2022-03-04,22.34,48.46,22.34,40.31,799181,80.4386750223814,1,86.01165695253957
GBR,2022-03-07,3.86,6.06,3.49,5.25,60731,36.01036269430051,2,30.847457627118622
SVRN,2022-03-07,0.7555,1.685,0.755,1.18,357784,56.187954996690934,4,59.052631578947356
IMPP,2022-03-07,4.72,8.395,4.425,7.43,835255,57.415254237288124,2,98.73684210526315
AGIG,2022-03-07,3.29,13.87,3.03,10.9,950574,231.30699088145897,2,136.6906474820144
KALA,2022-03-08,0.6585,1.42,0.6269,1.11,71898,68.56492027334855,1,0.6572913482115528
WPRT,2022-03-08,1.37,2.715,1.37,2.03,184879,48.17518248175179,1,-11.326860841423937
REVB,2022-03-09,0.9854,2.0,0.9854,1.69,50260,71.50395778364114,1,-22.102766798418962
AVX,2022-03-10,2.13,5.13,2.02,3.37,1812724,58.21596244131457,1,37.419354838709666
AQB,2022-03-10,1.375,2.04,1.375,1.9,147412,38.18181818181819,1,-6.1433447098976135
KALA,2022-03-11,1.27,1.68,1.27,1.67,52048,31.49606299212597,4,104.14724320848738
RCAT,2022-03-14,1.86,2.92,1.86,2.74,326541,47.31182795698925,1,5.084745762711873
SONM,2022-03-15,0.77,1.2,0.711,1.18,68202,53.24675324675323,1,35.61113067981685
HOUR,2022-03-15,2.9,4.95,2.875,4.09,54828,41.0344827586207,5,46.46464646464645
SONM,2022-03-16,0.91,1.21,0.8863,1.21,125413,32.967032967032964,2,35.84117032392893
ZH,2022-03-16,1.92,2.735,1.83,2.595,339853,35.15625000000002,1,-26.577437858508613
DIDI,2022-03-18,2.58,4.21,2.56,4.1,10269502,58.91472868217051,4,36.14775725593668
ZH,2022-03-18,2.23,3.42,2.18,3.15,376050,41.25560538116593,1,5.938242280285033
AUID,2022-03-21,3.32,5.03,3.32,4.65,60202,40.060240963855435,1,6.41025641025641
NRSN,2022-03-21,2.22,8.13,2.03,6.16,1446830,177.47747747747744,4,60.86956521739133
SOPA,2022-03-22,2.68,4.43,2.68,3.51,230748,30.97014925373134,1,25.233644859813076
NRSN,2022-03-22,4.83,6.42,4.6,6.3,241187,30.434782608695656,5,245.00000000000003
JXG,2022-03-22,2.65,7.035,2.65,4.22,187558,59.24528301886791,2,42.473118279569874
RKDA,2022-03-24,2.01,2.66,2.01,2.62,70674,30.34825870646769,4,35.353535353535335
LGVN,2022-03-31,9.39,14.22,8.87,13.67,1297099,45.580404685835994,1,33.570412517780944
SABS,2022-03-31,2.52,4.4,2.52,3.77,66233,49.60317460317461,4,22.926829268292703
MI,2022-04-01,2.43,4.26,2.43,3.625,211475,49.17695473251027,1,7.048458149779746
ATER,2022-04-04,2.49,3.93,2.46,3.43,1082904,37.75100401606426,1,-1.9685039370078705
DDL,2022-04-05,4.79,7.16,4.73,6.845,571078,42.901878914405,2,21.26582278481013
SBFM,2022-04-07,7.27,9.76,7.05,9.59,313883,31.911966987620353,2,196.1303462321792
PHIO,2022-04-08,0.9031,2.42,0.8915,2.34,546692,159.1075185472262,1,-4.241331778178347
VERU,2022-04-11,5.99,14.52,5.68,12.28,3810728,105.008347245409,1,18.61386138613863
BFRI,2022-04-13,3.55,6.03,3.55,4.96,339594,39.71830985915494,1,0.56657223796035
VERU,2022-04-13,10.6,14.45,9.95,14.31,1712493,35.00000000000001,1,129.93492407809106
INDO,2022-04-14,15.21,27.6,14.46,26.4,162256,73.57001972386585,1,-25.0
CYN,2022-04-22,1.86,2.785,1.85,2.635,228621,41.66666666666665,2,57.62711864406782
NUTX,2022-04-26,4.58,13.74,4.415,7.725,419875,68.66812227074234,1,-15.808823529411764
CYN,2022-04-26,2.33,3.75,2.33,3.67,271528,57.51072961373389,4,97.45762711864407
ONCO,2022-05-03,3.5,7.09,3.41,6.55,212842,87.14285714285714,1,-16.864608076009503
BKKT,2022-05-12,2.105,2.84,1.99,2.795,170237,32.779097387173394,1,-41.11888111888112
PRPL,2022-05-12,3.13,4.11,3.12,4.105,1019993,31.150159744408956,1,-20.356234096692116
SIGA,2022-05-20,9.11,12.45,8.89,12.43,642295,36.44346871569704,1,21.95448460508702
GOVX,2022-05-20,0.8,1.53,0.8,1.405,87411,75.62499999999999,1,26.984126984127
GYRE,2022-05-23,0.9485,1.47,0.9106,1.28,548868,34.94992092778071,1,158.6583037905645
APYX,2022-05-26,4.26,5.74,4.26,5.64,255248,32.3943661971831,3,24.926686217008776
EFOI,2022-06-07,1.53,2.42,1.48,2.305,66320,50.65359477124183,5,64.49844102784645
AGIG,2022-06-07,4.87,7.325,4.795,7.03,449304,44.35318275154003,1,1.4583333333333393
HTCR,2022-06-08,1.19,3.18,1.18,2.19,308775,84.03361344537817,1,21.42857142857142
XTKG,2022-06-09,0.4587,1.48,0.4252,1.1,1022929,139.80815347721824,1,35.22995283018868
DBVT,2022-06-09,1.93,3.4,1.905,3.23,328954,67.35751295336787,1,26.1437908496732
CRDF,2022-06-09,1.69,2.41,1.595,2.26,99155,33.72781065088757,1,26.591760299625467
XTKG,2022-06-10,0.9514,1.625,0.9021,1.27,246280,33.48749211688038,2,179.82352941176467
SIDU,2022-06-15,2.68,4.73,2.54,4.67,641618,74.25373134328356,1,59.52380952380953
SOUN,2022-06-17,2.71,5.03,2.71,3.95,177478,45.75645756457565,1,-24.5125348189415
BHAT,2022-06-23,1.28,3.49,1.09,2.67,982470,108.59375,1,-18.471337579617842
PETZ,2022-06-23,1.9,3.67,1.9,2.97,57780,56.315789473684234,1,-14.027149321266974
BNTC,2022-06-24,0.74,1.9,0.74,1.3,221683,75.67567567567568,1,-17.777777777777782
FFAI,2022-07-05,3.77,6.365,3.375,5.28,524019,40.05305039787799,4,66.07929515418502
GROV,2022-07-07,4.33,7.88,4.33,7.34,144819,69.5150115473441,1,-28.899835796387517
ORMP,2022-07-08,5.87,8.8,5.75,8.21,122337,39.86371379897786,4,28.165938864628814
PLRX,2022-07-11,16.04,22.98,15.92,22.98,1186656,43.26683291770574,5,109.39947780678851
CLNN,2022-07-14,3.09,4.285,3.09,4.18,149789,35.27508090614886,1,13.602941176470583
EVTL,2022-07-15,3.52,5.38,3.26,4.99,398290,41.76136363636365,1,24.822695035460995
USEA,2022-07-15,4.31,7.22,4.31,6.0,398482,39.21113689095128,1,-42.379679144385044
PGY,2022-07-22,5.76,14.12,5.6,11.59,309456,101.21527777777777,1,108.69565217391303
TNXP,2022-07-25,1.3,1.88,1.27,1.715,177506,31.92307692307692,1,3.1746031746031855
KOSS,2022-07-25,7.83,12.64,7.83,11.19,85017,42.911877394636,1,6.821282401091411
GOVX,2022-07-25,1.105,1.86,1.01,1.57,1455056,42.08144796380091,1,63.99525081626596
PGY,2022-07-26,11.46,21.39,10.725,16.79,334445,46.50959860383943,1,316.7272727272728
ORBS,2022-07-27,0.93,1.78,0.93,1.265,338150,36.021505376344074,1,-15.454545454545453
SKYX,2022-07-28,4.34,7.73,4.28,7.03,140254,61.98156682027651,1,3.8277511961722466
SNTI,2022-07-29,2.23,3.29,2.06,3.09,250598,38.56502242152467,1,20.54054054054053
VRAX,2022-08-01,7.43,13.7,6.98,11.795,327249,58.748317631224765,1,-54.30504305043051
ILAG,2022-08-02,2.475,3.95,2.18,3.295,169913,33.13131313131312,5,31.64893617021278
BNBX,2022-08-02,1.32,4.35,1.31,2.895,835456,119.31818181818178,1,94.11764705882352
AEMD,2022-08-02,1.43,2.255,1.265,1.995,105285,39.51048951048952,1,30.593607305936075
HSCS,2022-08-03,1.78,5.975,1.78,3.2,56735,79.77528089887642,1,28.057553956834536
QNRX,2022-08-03,4.545,27.815,4.19,19.78,137760,335.20352035203524,1,1083.2856027076282
CGTX,2022-08-04,2.36,6.24,2.35,3.57,85808,51.271186440677965,1,28.260869565217384
ILAG,2022-08-05,2.16,3.77,2.05,3.57,106966,65.27777777777777,1,6.403940886699533
AMC,2022-08-05,16.97,22.76,16.5,22.225,2894464,30.966411314083686,1,16.55219780219779
HSCS,2022-08-08,2.17,4.2,2.17,3.43,97755,58.06451612903227,1,39.102564102564095
TGL,2022-08-11,8.555,19.71,4.83,18.07,102814,111.22150789012272,1,0.0
MEGL,2022-08-15,9.79,18.1,9.3,17.81,268758,81.9203268641471,1,-92.38132295719844
RVYL,2022-08-16,1.5,2.85,1.39,1.97,497257,31.333333333333325,3,60.840660518979206
BCAB,2022-08-16,8.28,12.11,8.15,11.87,109011,43.3574879227053,2,124.99999999999996
FUBO,2022-08-16,4.39,8.11,4.38,6.35,3077266,44.64692482915717,2,21.27071823204418
ONCO,2022-08-17,3.51,8.0,3.5,7.68,639982,118.80341880341882,4,43.26530612244896
DRUG,2022-08-18,1.14,4.73,1.14,2.18,231909,91.22807017543863,1,16.326530612244895
GCT,2022-08-19,27.19,59.74,24.97,49.93,284850,83.63368885619713,1,77.4804177545692
DRUG,2022-08-22,1.22,3.39,1.22,2.08,267225,70.49180327868854,1,24.489795918367353
NERV,2022-08-22,3.34,5.13,3.34,4.575,125075,36.976047904191624,1,5.696202531645556
INDO,2022-08-23,8.8,12.72,8.74,11.45,298925,30.113636363636353,4,45.695364238410605
NERV,2022-08-24,5.4,8.49,5.17,7.5,479250,38.888888888888886,3,59.29203539823009
MOB,2022-08-25,3.955,6.66,3.8,5.36,194646,35.524652338811634,1,0.0
NERV,2022-08-26,6.68,10.84,6.4,10.28,413138,53.89221556886228,1,114.1025641025641
RVPH,2022-08-29,1.545,3.05,1.545,2.37,158242,53.398058252427205,2,56.37651821862348
PETZ,2022-08-30,3.52,4.95,3.52,4.77,56417,35.511363636363626,2,28.937728937728945
GRNQ,2022-08-31,1.61,2.83,1.61,2.53,137565,57.14285714285712,1,-4.166666666666652
GCT,2022-09-01,14.61,26.49,14.61,23.27,103831,59.27446954141,1,-42.9073856975381
SHPH,2022-09-06,12.25,30.49,12.2,27.49,70769,124.4081632653061,1,-81.30056479926728
SPRO,2022-09-06,0.8313,1.89,0.8001,1.16,423278,39.540478768194376,1,-5.544824451766839
ELVN,2022-09-07,1.48,2.03,1.44,2.0,379912,35.13513513513513,1,18.399999999999995
ARQQ,2022-09-12,5.66,7.9,5.625,7.72,76289,36.395759717314476,1,-9.728867623604454
MTVA,2022-09-13,18.94,63.67,18.94,29.14,93701,53.85427666314677,2,6003.770544634225
AMTD,2022-09-14,1.35,2.27,1.35,1.94,276605,43.70370370370369,1,-4.929577464788726
MTVA,2022-09-20,14.93,25.78,14.93,20.62,63521,38.11118553248494,1,-48.764584763212085
SOBR,2022-09-20,1.0039,3.1,1.0039,3.09,153662,207.7995816316366,1,0.89447236180904
PEPG,2022-09-28,6.04,12.82,6.02,10.82,99552,79.13907284768212,1,25.051759834368536
SOBR,2022-09-28,1.79,2.66,1.71,2.4,59390,34.07821229050278,1,-25.10460251046025
FNGR,2022-09-30,1.97,3.77,1.87,3.33,178828,69.03553299492387,5,210.23622047244092
SNTI,2022-10-04,2.74,5.35,2.74,5.22,274251,90.51094890510947,5,126.44628099173558
FNGR,2022-10-05,6.3,9.26,5.265,8.77,114913,39.2063492063492,1,277.245508982036
MAPS,2022-10-06,1.635,2.8,1.61,2.8,153592,71.25382262996939,1,-3.2544378698224796
BNBX,2022-10-10,1.27,2.38,1.27,2.12,397021,66.92913385826773,1,12.38938053097347
BNBX,2022-10-12,2.02,2.81,2.02,2.7,170100,33.66336633663367,3,36.48648648648649
RYM,2022-10-14,0.9753,1.54,0.9753,1.43,111210,46.62155234286887,4,123.43642611683849
MVST,2022-10-19,1.565,2.42,1.495,2.225,442859,42.172523961661355,1,-10.571428571428577
CABA,2022-10-20,1.24,2.03,1.225,1.955,143379,57.66129032258065,3,62.94349540078843
TSHA,2022-10-25,2.21,2.99,2.1,2.99,417932,35.29411764705883,1,47.333333333333336
ATNM,2022-10-31,10.22,13.8,10.05,13.54,123240,32.48532289628179,2,40.771349862258965
ARQQ,2022-11-07,5.59,8.39,5.53,8.24,158181,47.40608228980323,4,24.776785714285698
FNKO,2022-11-07,7.705,10.21,7.63,10.205,370985,32.44646333549643,1,-62.68765133171912
ARQQ,2022-11-08,7.67,10.39,7.21,10.28,159424,34.02868318122554,5,70.8240534521158
MGNI,2022-11-10,7.33,9.695,7.31,9.565,238868,30.491132332878568,1,10.308502633559069
GETY,2022-11-14,5.33,7.69,5.33,6.95,58748,30.393996247654776,1,-3.963963963963957
PALI,2022-11-22,2.85,6.39,2.82,3.99,208064,40.000000000000014,1,4218.181818181818
CRNC,2022-11-29,13.51,18.3,12.85,17.81,116830,31.828275351591408,1,-17.672151127361367
TOPS,2022-11-30,2.19,4.55,2.05,3.075,66326,40.41095890410959,1,-7.006369426751591
SHPH,2022-12-02,1.54,2.58,1.54,2.43,70315,57.7922077922078,1,-3.749999999999998
ZH,2022-12-02,1.0,1.37,1.0,1.35,655416,35.00000000000001,1,-0.4975124378109319
HTCO,2022-12-06,5.6,9.52,5.6,7.91,61569,41.25000000000001,1,-41.483803552769075
PHVS,2022-12-08,4.19,11.93,3.86,11.27,369088,168.9737470167064,2,97.1764705882353
RENT,2022-12-08,1.535,2.495,1.52,2.35,175791,53.094462540716634,1,12.867647058823506
EH,2022-12-12,7.23,11.49,7.15,10.12,197676,39.97233748271092,1,-5.859374999999989
BYSI,2022-12-16,1.74,2.51,1.74,2.27,65804,30.459770114942543,3,190.53264317916182
SINT,2022-12-21,8.39,15.09,8.39,11.75,95526,40.04767580452919,1,8576.318510858326
KALA,2022-12-28,6.26,17.45,6.04,12.47,194240,99.20127795527158,1,58.481012658227826
KALA,2022-12-29,16.11,29.88,13.56,25.13,149665,55.99006828057107,2,322.8346456692913
VATE,2022-12-30,1.33,1.89,1.275,1.86,65196,39.849624060150376,1,-5.3380782918149405
JSPR,2023-01-03,1.51,3.8,1.48,2.86,216784,89.40397350993376,1,204.98889113310446
FRMM,2023-01-03,3.935,5.93,3.67,5.29,168924,34.434561626429485,3,230.67226890756305
KALA,2023-01-04,28.8,56.46,28.8,42.18,119423,46.458333333333336,1,638.4615384615385
MEGL,2023-01-05,1.6,2.83,1.57,2.305,109330,44.06250000000001,1,25.984251968503933
HKD,2023-01-05,17.14,37.635,17.14,30.8,384684,79.69661610268378,2,64.96631376323387
GSUN,2023-01-06,1.41,2.37,1.29,2.25,62701,59.5744680851064,2,38.23529411764706
BKKT,2023-01-12,1.41,2.865,1.36,2.775,163030,96.80851063829788,1,11.023622047244096
GNS,2023-01-19,0.85,2.24,0.76,2.04,1406269,140.0,1,92.6127351008384
COSM,2023-01-20,3.41,6.41,3.3,5.31,310665,55.718475073313755,1,-16.319018404907983
GNS,2023-01-23,3.38,6.27,2.835,4.68,854971,38.46153846153846,1,626.8817204301075
IDAI,2023-01-23,0.71,1.73,0.71,1.05,138766,47.887323943661976,1,47.94748906022088
COSM,2023-01-24,4.62,6.86,4.56,6.15,161741,33.11688311688312,1,28.333333333333343
GOVX,2023-01-25,0.76,1.39,0.76,1.12,84734,47.36842105263159,1,1.0638297872340496
BZFD,2023-01-26,1.29,2.86,1.22,2.08,1051238,61.240310077519375,1,91.16775340841731
LCID,2023-01-27,8.96,17.8,8.96,12.905,3113129,44.02901785714284,1,14.724711907810505
BZFD,2023-01-27,2.64,4.24,2.42,3.83,1421021,45.07575757575757,2,291.22703023117964
HSCS,2023-01-30,1.3,2.56,1.215,2.34,309363,79.99999999999999,1,64.66117796073465
BBAI,2023-01-30,3.0,4.14,2.56,3.98,439838,32.666666666666664,5,57.89473684210527
MSGM,2023-01-31,7.43,27.6,6.95,21.33,164738,187.0794078061911,2,105.24861878453038
SOBR,2023-01-31,1.15,1.92,1.15,1.79,69562,55.65217391304349,1,-1.7094017094017144
MSGM,2023-02-01,24.97,49.5,23.42,36.37,173914,45.654785742891455,3,677.8816199376947
SOUN,2023-02-03,1.89,3.11,1.89,2.83,373130,49.73544973544974,1,4.41988950276242
BBAI,2023-02-03,3.47,5.9,3.43,5.18,510842,49.27953890489911,2,43.38842975206614
LIXT,2023-02-07,0.9701,2.57,0.9701,1.89,82546,94.82527574476858,1,88.66199922209258
SLQT,2023-02-07,1.06,1.53,1.06,1.47,324038,38.67924528301885,2,21.839080459770123
IBIO,2023-02-07,0.95,1.475,0.8979,1.375,55274,44.736842105263165,1,32.1279554937413
TECX,2023-02-08,0.86,1.78,0.8499,1.69,276070,96.51162790697674,1,-6.062261059530316
SLQT,2023-02-09,1.54,2.51,1.54,2.04,262353,32.467532467532465,4,71.1111111111111
TNON,2023-02-15,1.585,2.455,1.2,2.12,198798,33.75394321766563,1,-3.3536585365853577
SERA,2023-02-16,2.1,3.24,2.08,2.94,71376,39.99999999999999,2,64.0625
DHC,2023-03-02,1.095,1.71,1.095,1.49,451072,36.073059360730596,1,32.34227701232777
FNKO,2023-03-02,7.52,10.15,7.18,9.93,205674,32.04787234042554,1,-34.035087719298254
LFCR,2023-03-20,1.83,3.13,1.83,3.09,199703,68.85245901639342,1,-63.4
NOTE,2023-03-23,1.365,2.79,1.32,2.32,217190,69.96336996336996,1,-7.770270270270274
NAAS,2023-03-24,4.33,5.97,4.33,5.825,56944,34.526558891454975,1,3.0952380952380842
SI,2023-03-24,1.13,2.17,1.13,1.72,831526,52.212389380530986,1,-45.14563106796117
DVLT,2023-03-27,1.97,4.34,1.97,3.59,66017,82.23350253807106,1,-9.216589861751146
BMEA,2023-03-28,22.96,31.38,21.8,30.55,560834,33.057491289198616,1,51.25164690382083
BUR,2023-03-31,7.11,11.865,7.11,11.14,763861,56.68073136427567,1,0.28208744710860323
GFAI,2023-04-03,8.21,20.98,8.18,19.82,373327,141.4129110840438,2,82.85077951002229
GCTK,2023-04-06,0.3496,1.38,0.3496,1.16,57820,231.8077803203661,1,-79.43529411764706
GFAI,2023-04-06,9.06,15.49,9.06,12.71,247849,40.28697571743929,1,84.89795918367346
BNRG,2023-04-11,1.61,2.68,1.42,2.36,69330,46.583850931677006,1,11.03448275862069
GCTK,2023-04-12,1.77,2.87,1.72,2.69,55676,51.97740112994349,1,4.117647058823537
GFAI,2023-04-12,17.06,34.57,16.95,31.42,169141,84.17350527549827,2,32.65940902021774
CXAI,2023-04-13,2.75,9.64,2.7,7.15,1206800,160.0,2,77.41935483870968
IDAI,2023-04-13,3.33,6.49,3.105,5.49,127434,64.86486486486487,2,50.33860045146727
CNSP,2023-04-14,0.8099,3.42,0.8099,2.37,269004,192.62871959501177,1,5.510682647212084
CXAI,2023-04-25,8.56,13.35,8.09,12.41,308610,44.976635514018696,1,-16.40625
HUDI,2023-04-28,3.52,14.77,3.26,13.155,482541,273.7215909090909,2,20.547945205479444
SNTG,2023-05-01,3.4,9.63,3.12,4.57,186324,34.41176470588236,2,76.16580310880829
NBTX,2023-05-05,4.48,7.5,4.29,6.75,165211,50.66964285714284,1,17.277486910994778
SFWL,2023-05-09,4.89,12.39,4.89,9.57,96678,95.70552147239266,2,20.740740740740748
CDNA,2023-05-11,6.24,8.79,6.24,8.35,66202,33.814102564102555,1,-27.52613240418118
GSIT,2023-05-12,1.83,5.21,1.83,5.12,265322,179.78142076502732,1,11.585365853658548
IMMP,2023-05-17,1.9,3.87,1.79,2.6,308180,36.8421052631579,2,21.019108280254773
RIGL,2023-05-17,1.285,1.88,1.26,1.825,198204,42.02334630350195,1,8.898305084745761
ENVB,2023-05-18,2.13,4.28,2.03,3.6,484593,69.01408450704227,1,19.662921348314597
QBTS,2023-05-22,0.5099,1.06,0.5099,1.025,142744,101.01980780545202,1,4.659277504105086
MBOT,2023-05-22,1.87,4.32,1.615,3.25,1150403,73.79679144385025,2,53.278688524590166
LFCR,2023-05-23,5.96,9.455,5.96,8.01,214764,34.3959731543624,1,31.85840707964602
WLDS,2023-05-25,0.9599,1.86,0.9251,1.4,454731,45.84852588811334,1,99.97916666666666
ANNX,2023-05-26,2.12,2.83,2.1,2.825,159069,33.25471698113207,1,-64.0677966101695
RGTI,2023-05-26,0.7822,1.11,0.7671,1.06,61898,35.51521350038354,1,55.56881463802705
QBTS,2023-05-26,1.2,1.67,1.17,1.64,79900,36.66666666666667,1,149.947927515101
UCAR,2023-06-01,5.42,11.3,4.68,7.6,685939,40.22140221402213,1,46.883468834688344
BMR,2023-06-06,2.18,3.73,2.17,3.14,53029,44.03669724770643,1,-24.041811846689896
ZJYL,2023-06-12,9.07,20.49,9.07,13.32,52496,46.85777287761852,2,59.402460456941995
AUUD,2023-06-12,0.678,1.53,0.5664,1.23,602801,81.41592920353982,1,56.76300578034683
VCIG,2023-06-20,3.8,11.32,3.59,7.28,721419,91.57894736842107,1,42.85714285714284
UCAR,2023-06-21,5.85,9.19,5.845,8.43,175625,44.1025641025641,1,-11.497730711043886
VCIG,2023-06-22,5.04,7.74,5.04,6.65,145022,31.944444444444443,1,96.875
BDTX,2023-06-27,4.15,6.79,3.16,6.2,1958069,49.39759036144578,2,109.5959595959596
BENF,2023-06-28,2.63,4.82,2.585,3.45,60267,31.178707224334623,1,-38.262910798122064
TOP,2023-06-29,5.76,8.89,5.76,7.76,168894,34.72222222222223,1,-13.122171945701355
ALLR,2023-07-05,6.1,13.4,6.1,8.33,54133,36.55737704918034,1,3463.0841121495328
BBIG,2023-07-07,1.19,2.1,1.19,1.89,73469,58.823529411764696,1,-5.179282868525892
AURE,2023-07-07,11.34,21.895,7.56,19.11,153451,68.5185185185185,2,113.96226415094341
GRRR,2023-07-07,3.53,5.79,3.38,4.73,709535,33.99433427762042,1,73.89162561576354
AURE,2023-07-10,16.23,30.9,13.15,25.11,151195,54.71349353049906,3,206.22641509433964
NKLA,2023-07-13,1.39,2.25,1.38,2.23,1892832,60.431654676258994,1,6.923076923076921
PSQH,2023-07-19,9.45,16.26,9.18,13.88,95023,46.878306878306894,1,-7.1709233791748535
CLBR,2023-07-19,9.45,16.26,9.18,13.88,95023,46.878306878306894,1,-7.1709233791748535
GFAI,2023-07-20,4.14,8.05,4.14,6.43,276742,55.31400966183575,1,-8.203991130820398
PSQH,2023-07-20,19.02,34.18,17.8,29.75,110397,56.414300736067304,2,86.83693516699411
BBIG,2023-07-24,3.24,5.83,3.24,5.17,315156,59.5679012345679,2,29.600000000000005
BETR,2023-07-25,18.01,37.83,16.06,37.83,56567,110.04997223764575,1,74.34656340755083
URGN,2023-07-28,16.535,23.69,16.33,22.445,246509,35.74236468097973,3,77.98708288482241
MSGM,2023-08-01,3.81,8.57,3.73,6.9,79406,81.10236220472441,1,13.731343283582099
BNTC,2023-08-09,1.96,4.78,1.96,3.23,80449,64.79591836734696,1,-26.591760299625467
IFRX,2023-08-10,2.82,4.13,2.8,3.98,66387,41.13475177304966,1,-31.386861313868618
TSHA,2023-08-14,1.52,2.21,1.35,2.19,1507433,44.07894736842104,2,107.87746170678338
NWTG,2023-08-15,4.5,26.34,4.5,26.34,50286,485.33333333333337,1,0.0
BDRX,2023-08-31,5.06,9.5,5.06,7.99,124186,57.90513833992097,1,4.979253112033177
TONX,2023-09-05,1.17,3.28,1.1,3.19,757021,172.64957264957266,1,52.542372881355924
AXG,2023-09-07,4.59,12.73,4.59,6.15,72815,33.98692810457518,1,0.0
CGC,2023-09-11,1.03,1.79,1.025,1.69,1596579,64.07766990291262,5,87.20465285350781
NKLA,2023-09-14,0.8773,1.19,0.8553,1.15,2525236,31.084007751054376,1,-14.825242718446606
RNAZ,2023-09-25,1.32,3.195,1.3,2.47,985643,87.12121212121214,3,125.6796033510002
BRNS,2023-09-25,1.87,4.35,1.87,3.25,134627,73.79679144385025,1,9.35672514619883
FEMY,2023-09-29,1.885,3.59,1.885,3.0,936944,59.151193633952246,2,515.2088772845952
MAXN,2023-10-10,7.35,10.0,7.35,9.89,106495,34.55782312925171,1,-29.326923076923084
TPST,2023-10-11,2.13,9.27,1.83,9.27,2121327,335.2112676056338,1,612.3745819397993
PHIO,2023-10-11,1.59,3.17,1.58,2.55,169432,60.377358490566024,1,7.7966101694915135
MNTS,2023-10-12,1.86,4.28,1.86,2.75,156181,47.8494623655914,1,61.03896103896105
TPST,2023-10-16,4.05,7.43,3.88,6.76,616348,66.91358024691358,1,1671.6535433070867
OMER,2023-10-16,1.08,1.695,0.9201,1.535,145036,42.129629629629605,1,-61.565836298932375
MTC,2023-10-16,0.599,1.34,0.599,1.05,108445,75.29215358931553,1,19.799999999999997
MNTS,2023-10-16,3.67,5.48,3.36,4.82,328906,31.335149863760225,3,126.54320987654319
NKTX,2023-10-17,1.48,3.935,1.45,3.16,805583,113.51351351351352,1,-5.732484076433131
MTC,2023-10-19,1.58,2.35,1.55,2.1,61199,32.91139240506329,4,206.79611650485435
CVM,2023-10-23,1.115,2.29,1.11,1.5,272622,34.52914798206279,1,-4.700854700854695
SBGI,2023-11-02,10.895,14.45,10.895,14.28,136111,31.06929784304726,1,8.570004982561041
CDIO,2023-11-07,0.72,1.735,0.6514,1.36,747956,88.8888888888889,4,139.6804260985353
TNON,2023-11-08,2.58,4.67,2.36,3.68,75117,42.635658914728694,3,2993.525179856115
SKIN,2023-11-15,1.45,1.985,1.42,1.89,888980,30.34482758620689,1,-64.10891089108911
BNKK,2023-11-20,3.27,4.72,3.21,4.29,210187,31.192660550458704,3,62.68656716417913
CDIO,2023-11-20,1.46,2.4,1.265,2.21,609350,51.369863013698634,1,26.406926406926413
ANGH,2023-11-21,2.15,3.42,2.1,3.16,247850,46.97674418604652,3,123.95833333333334
EZRA,2023-11-22,0.8701,1.415,0.8701,1.29,64781,48.25882082519251,1,-18.682242990654206
CAPT,2023-11-27,3.04,4.74,2.75,4.17,90627,37.17105263157894,4,132.95019157088123
RDHL,2023-11-27,0.7011,1.14,0.6712,1.02,429869,45.48566538296963,1,100.31428571428572
RDHL,2023-11-28,1.17,2.78,1.17,2.23,896867,90.5982905982906,2,225.90529247910865
VVOS,2023-11-29,11.99,48.79,9.89,40.94,335763,241.4512093411176,1,156.1965811965812
SNGX,2023-11-30,0.5515,1.985,0.5429,1.01,394633,83.13689936536719,1,41.410256410256395
ANY,2023-12-05,1.145,1.76,1.11,1.72,61231,50.21834061135371,3,55.17007724623932
MLGO,2023-12-06,4.05,10.68,3.79,9.49,662947,134.320987654321,1,32.35294117647059
CHSN,2023-12-07,6.16,9.79,5.14,8.01,61308,30.032467532467532,5,233.87533875338752
SLDB,2023-12-07,4.08,6.39,3.92,5.89,93673,44.36274509803921,1,46.23655913978495
JTAI,2023-12-11,1.87,3.78,1.84,3.065,161315,63.90374331550801,1,24.666666666666682
CCCC,2023-12-13,3.18,6.03,3.16,5.53,1222730,73.89937106918238,2,163.90041493775934
STTK,2023-12-14,4.58,7.42,4.4,6.87,248775,50.0,3,98.26839826839826
VRCA,2023-12-15,4.25,6.9,4.05,6.095,404094,43.41176470588235,1,10.966057441253252
IVVD,2023-12-18,2.23,4.71,2.155,3.58,769206,60.53811659192825,1,33.933933933933936
SGHT,2023-12-26,4.07,5.61,4.07,5.33,62668,30.95823095823096,2,24.274809160305356
MIGI,2023-12-27,2.98,4.34,2.86,4.26,74310,42.95302013422819,3,106.94444444444446
SNTG,2023-12-29,2.2,8.19,2.2,4.88,184129,121.81818181818178,1,31.7365269461078
ACET,2024-01-09,2.505,3.76,2.505,3.46,117630,38.12375249500999,4,24.00990099009901
ROMA,2024-01-10,2.46,5.47,2.375,3.93,57941,59.75609756097562,1,-51.0934393638171
MYSE,2024-01-16,2.32,4.04,2.32,3.11,54798,34.051724137931025,1,-9.551656920077978
RVSN,2024-01-23,3.12,9.07,3.06,6.65,410298,113.14102564102564,2,87.95180722891567
RVSN,2024-01-25,5.45,9.87,5.45,7.56,136966,38.71559633027522,1,240.625
PCSA,2024-01-25,3.65,5.86,3.65,5.03,351033,37.80821917808219,1,1705.1434223541048
CRBP,2024-01-26,16.78,38.67,16.51,30.01,455141,78.84386174016686,1,137.00564971751413
KYNB,2024-01-29,0.8951,1.8,0.8919,1.7,445897,89.92291364093397,1,1.6235240690281483
ONMD,2024-01-30,1.04,2.08,0.9851,1.52,66517,46.153846153846146,3,108.41683366733466
MNTS,2024-01-31,0.76,1.24,0.76,1.015,139090,33.55263157894734,1,5.555555555555558
KYNB,2024-02-01,1.79,2.405,1.73,2.355,398022,31.56424581005586,2,61.261261261261254
MTVA,2024-02-01,4.115,5.95,4.02,5.38,129398,30.74119076549209,2,34.477124183006545
INBS,2024-02-02,4.14,6.87,3.96,5.9,264238,42.512077294686,1,1869.5528068506183
ATRA,2024-02-02,0.7915,1.57,0.7897,1.2,784812,51.610865445356914,5,31.28213634101842
GRRR,2024-02-05,0.6268,1.26,0.6268,1.08,377576,72.30376515634971,2,24.069675376088682
HOLO,2024-02-07,3.745,18.64,3.34,18.64,1301435,397.7303070761015,1,1735.7843137254904
MGIH,2024-02-12,1.8,9.57,1.66,3.12,322154,73.33333333333334,1,76.47058823529412
BMR,2024-02-12,6.08,34.94,6.07,9.995,1151695,64.39144736842104,2,280.0
BGLC,2024-02-13,1.06,3.38,0.9692,1.55,425103,46.22641509433962,1,130.93681917211327
JMIA,2024-02-15,3.47,4.64,3.37,4.525,217941,30.403458213256496,1,9.636650868878371
CPOP,2024-02-20,2.885,9.07,2.75,7.225,183031,150.43327556325826,1,174.76190476190473
EBS,2024-02-21,1.68,3.22,1.68,2.7,819204,60.71428571428572,1,5.3291536050156685
MATV,2024-02-22,12.5,16.92,12.5,16.77,71213,34.15999999999999,1,3.0502885408079106
MNPR,2024-02-22,0.765,1.36,0.7402,1.12,271011,46.40522875816995,2,125.0
OPTU,2024-02-26,1.78,2.99,1.78,2.49,1073333,39.88764044943822,1,-11.442786069651733
SOUN,2024-02-26,3.925,5.94,3.84,5.76,1627989,46.75159235668791,1,2.7486910994764413
PDYN,2024-02-26,0.71,1.18,0.6892,1.055,77377,48.59154929577465,3,26.785714285714256
PDYN,2024-02-27,1.11,1.8,0.9622,1.72,60437,54.95495495495495,4,99.28186714542191
JANX,2024-02-27,35.5,51.89,34.5,49.8,426593,40.28169014084506,1,254.99999999999997
SIDU,2024-02-29,6.88,10.09,6.35,9.02,184560,31.104651162790688,5,69.87654320987656
MTC,2024-03-01,1.695,3.82,1.475,2.55,383108,50.44247787610618,1,66.1764705882353
CRDF,2024-03-01,2.0,3.07,2.0,2.93,192690,46.50000000000001,1,19.047619047619047
AISP,2024-03-05,3.28,5.93,2.65,4.91,806644,49.69512195121952,2,106.28930817610063
FENG,2024-03-05,1.34,2.13,1.34,2.0,50790,49.25373134328357,1,-14.649681528662416
JL,2024-03-05,1.96,2.92,1.92,2.685,73285,36.98979591836735,1,-89.01653124124405
RVSN,2024-03-06,2.26,4.79,2.26,3.13,275712,38.495575221238944,1,-22.469982847341342
APM,2024-03-06,3.19,17.48,2.65,9.37,313420,193.73040752351093,1,86.54970760233918
IMRN,2024-03-07,3.35,5.865,2.85,4.5,178139,34.32835820895521,1,90.34090909090911
STI,2024-03-11,0.93,3.07,0.93,1.72,889418,84.94623655913978,3,75.8698940998487
LSF,2024-03-13,1.31,2.1,1.16,1.95,76879,48.854961832061065,3,63.58641358641359
STI,2024-03-14,0.88,2.02,0.88,1.3,150475,47.72727272727273,1,19.69532100108815
PBM,2024-03-14,1.02,1.87,1.02,1.57,85634,53.92156862745099,1,-22.137404580152676
VERI,2024-03-15,2.76,3.895,2.76,3.895,59628,41.123188405797116,3,23.76681614349776
IDN,2024-03-22,2.09,3.16,2.09,3.1,102366,48.32535885167466,1,14.835164835164827
CGC,2024-03-22,4.77,7.99,4.77,7.7,361276,61.425576519916156,1,54.36893203883495
MNY,2024-03-25,1.435,2.35,1.435,2.21,61482,54.00696864111498,1,2.5000000000000133
CXAI,2024-04-01,3.795,7.06,3.54,6.17,981841,62.582345191040844,1,59.11949685534592
NXL,2024-04-02,1.83,3.36,1.83,2.89,72526,57.92349726775956,5,266.73346693386776
CADL,2024-04-04,2.04,7.62,2.04,6.32,657950,209.80392156862746,2,36.91275167785235
MDIA,2024-04-05,2.4,6.84,2.38,3.83,553923,59.58333333333334,1,359.7701149425287
XXII,2024-04-05,1.66,4.27,1.65,3.54,140865,113.2530120481928,1,1269.6369636963695
WAVE,2024-04-10,2.99,4.87,2.99,3.91,51692,30.76923076923077,1,169.36936936936937
RENT,2024-04-11,10.59,23.72,10.39,19.31,188020,82.34183191690272,2,101.90657769304097
INDO,2024-04-12,3.01,5.89,3.01,4.95,276154,64.45182724252494,1,0.6688963210702115
LGVN,2024-04-15,2.26,3.39,2.17,2.94,328214,30.08849557522124,1,7.619047619047614
DVLT,2024-04-16,2.68,8.44,2.435,6.06,835586,126.1194029850746,1,12601.421800947868
SXTC,2024-04-16,1.17,3.27,1.17,1.68,180451,43.58974358974359,1,-33.52272727272728
XPON,2024-04-18,2.26,3.49,2.175,3.09,57044,36.72566371681416,1,8.133971291866015
VERU,2024-04-18,1.09,1.425,1.0,1.42,205636,30.27522935779814,1,-39.10614525139664
NIVF,2024-04-23,1.42,2.94,1.4,2.22,176543,56.338028169014095,2,86.3517060367454
MULN,2024-04-29,3.99,6.08,3.66,5.71,254804,43.10776942355889,1,57.396449704142015
TLRY,2024-04-30,1.77,2.51,1.75,2.475,1684466,39.83050847457628,1,-3.8043478260869623
CGC,2024-04-30,8.36,14.9,8.145,14.88,407029,77.99043062200958,1,-7.265668330560193
CTMX,2024-05-01,3.26,5.73,2.795,5.11,2286187,56.74846625766874,2,99.38837920489296
BENF,2024-05-03,1.96,12.8,1.95,6.48,92927,230.6122448979592,1,-53.44418052256532
OLOX,2024-05-03,3.96,9.2,3.84,5.53,321705,39.646464646464665,1,2593.877551020408
GSUN,2024-05-07,3.34,7.21,3.34,4.93,306661,47.60479041916168,1,16.376306620209057
NNE,2024-05-08,3.6,5.98,3.6,4.95,56676,37.5,1,0.0
LIDR,2024-05-10,1.48,3.22,1.48,2.49,616561,68.24324324324327,1,29.824561403508774
AMC,2024-05-13,3.48,5.87,3.16,5.23,8996925,50.28735632183909,1,6.748466257668717
CCLD,2024-05-13,1.6,2.57,1.57,2.29,349334,43.12499999999999,1,46.78899082568808
NVAX,2024-05-13,9.76,13.96,9.54,13.1,1294262,34.221311475409834,1,105.4736842105263
CTNT,2024-05-14,3.27,6.99,2.94,6.7,322399,104.89296636085625,1,140.44117647058823
CTNT,2024-05-15,4.96,7.085,4.65,6.95,50184,40.1209677419355,2,313.33333333333337
LIDR,2024-05-15,2.13,4.53,2.13,3.31,198915,55.39906103286385,4,70.39999999999999
FFAI,2024-05-16,0.8122,2.33,0.7563,1.64,5507319,101.92070918492982,5,1915.3846153846152
XHG,2024-05-17,0.8208,2.75,0.7102,1.53,280331,86.40350877192984,1,84.86486486486487
CTNT,2024-05-20,11.09,14.67,2.715,14.67,79197,32.28133453561768,5,864.3478260869566
XHG,2024-05-21,0.818,1.66,0.818,1.2,86670,46.69926650366749,1,90.67599067599066
ONMD,2024-05-24,1.67,3.2,1.6,2.25,418342,34.730538922155695,2,240.81632653061226
JCSE,2024-05-30,0.8456,1.73,0.8456,1.285,109577,51.963103122043506,1,15.835616438356158
ALBT,2024-06-03,0.296,1.43,0.296,1.235,304591,317.2297297297298,1,-2.759526938239165
HOLO,2024-06-04,1.47,2.0,1.47,1.99,186837,35.37414965986394,1,-14.534883720930235
MLGO,2024-06-04,5.1,14.84,4.67,11.99,1220950,135.09803921568627,1,164.24870466321244
DDC,2024-06-12,0.9765,2.51,0.87,1.55,466842,58.73015873015872,1,37.72919605077576
PROK,2024-06-12,2.13,3.355,2.12,2.94,128038,38.0281690140845,1,-41.88267394270123
LGVN,2024-06-12,0.92,1.92,0.92,1.805,291587,96.19565217391303,1,-14.814814814814813
URGN,2024-06-13,12.95,19.76,12.74,17.49,245942,35.05791505791505,1,-2.484939759036142
LRHC,2024-06-14,0.5565,1.805,0.5231,1.17,99150,110.24258760107814,1,-46.49038461538461
CMTL,2024-06-18,3.055,4.35,2.96,4.065,335414,33.06055646481178,2,43.09133489461361
GOVX,2024-06-18,1.36,2.345,1.13,1.87,156684,37.5,1,-9.93377483443708
NXL,2024-06-21,1.085,2.7,1.07,1.61,296232,48.38709677419357,1,-21.942446043165464
GOVX,2024-06-21,1.71,2.46,1.71,2.305,71707,34.79532163742691,1,13.245033112582782
MLGO,2024-06-24,5.37,14.92,5.17,14.92,563055,177.83985102420857,1,29.710144927536252
RGS,2024-06-25,14.16,24.21,12.87,20.63,357258,45.692090395480214,2,199.68253968253973
GOVX,2024-06-27,2.43,4.89,2.4,3.635,335535,49.588477366255134,1,28.57142857142858
NNE,2024-06-28,15.67,25.34,15.67,23.57,55457,50.41480536056157,1,1.4896373056994872
ANVS,2024-07-02,5.53,12.51,4.6,9.21,318290,66.54611211573238,1,-4.655172413793096
KOSS,2024-07-03,5.48,18.63,5.48,11.19,500812,104.19708029197076,1,38.209331651954614
BENF,2024-07-05,3.08,6.11,3.08,4.82,177093,56.49350649350651,1,18.918918918918926
ANVS,2024-07-05,8.05,11.41,8.02,11.04,131481,37.142857142857125,1,34.39065108514192
ANVS,2024-07-08,11.6,17.3,11.6,15.41,125868,32.844827586206904,2,102.09059233449476
FRMM,2024-07-09,1.86,4.8,1.86,2.88,95433,54.83870967741935,1,22.368421052631593
QURE,2024-07-10,6.665,11.31,6.665,10.12,733914,51.83795948987247,2,65.79601990049753
LCFY,2024-07-11,3.96,11.1,3.81,6.32,160415,59.5959595959596,1,55.294117647058826
AEON,2024-07-15,1.76,3.73,1.67,2.29,211950,30.113636363636374,2,72.54901960784315
AMIX,2024-07-15,0.9825,1.83,0.933,1.36,772251,38.422391857506355,3,91.52046783625731
CRBU,2024-07-16,2.08,2.745,2.08,2.73,140568,31.25,2,28.792569659442723
PACB,2024-07-16,1.655,2.23,1.64,2.175,511026,31.41993957703926,1,25.37878787878787
NAAS,2024-07-16,2.89,4.85,2.89,4.64,119291,60.55363321799305,1,-7.9617834394904445
SILO,2024-07-18,2.425,4.44,2.425,3.44,404991,41.85567010309279,4,143.7185929648241
SERV,2024-07-19,4.27,8.96,3.935,7.52,866516,76.11241217798596,2,85.65217391304347
PSNL,2024-07-19,2.54,4.38,2.54,3.84,109550,51.181102362204726,4,53.0120481927711
DCOY,2024-07-23,1.63,7.07,1.63,2.555,282925,56.74846625766874,1,5.8441558441558294
DCOY,2024-07-25,2.49,4.37,2.49,3.37,219520,35.34136546184739,1,1.2195121951219523
SERV,2024-07-29,14.01,19.53,14.01,19.38,731138,38.32976445396146,3,60.11428571428572
INDO,2024-08-05,2.54,3.91,2.27,3.65,195689,43.70078740157479,1,14.67268623024831
ATNM,2024-08-05,1.72,2.495,1.335,2.47,200815,43.60465116279071,1,-76.69376693766938
SAVA,2024-08-05,25.81,41.9,25.79,35.09,220046,35.955056179775305,2,42.754424778761056
ARHS,2024-08-08,8.98,12.11,8.55,12.1,538562,34.743875278396416,1,-34.260614934114194
PGEN,2024-08-08,0.9468,1.335,0.9009,1.255,137749,32.55175327418674,1,-33.79020979020979
EBS,2024-08-08,5.71,8.41,5.71,8.405,126768,47.197898423817854,1,-45.87677725118484
APPS,2024-08-08,2.11,2.87,2.105,2.87,590960,36.01895734597158,1,-4.308390022675745
INDO,2024-08-12,3.48,4.855,3.26,4.66,227730,33.90804597701149,1,-4.657534246575345
MIGI,2024-08-12,1.23,1.89,1.13,1.88,51337,52.84552845528454,1,36.454404260039944
OGEN,2024-08-12,1.52,2.09,1.45,2.01,60619,32.23684210526314,3,42.05607476635513
PSIG,2024-08-12,1.43,2.79,1.37,2.29,239234,60.13986013986015,2,116.66666666666666
PDC,2024-08-13,1.19,5.18,1.12,4.37,248193,267.22689075630257,1,-47.807017543859644
GNLN,2024-08-14,10.18,21.37,10.18,16.82,134472,65.22593320235757,3,150.73891625615767
CING,2024-08-16,10.56,20.5,8.71,17.67,645031,67.32954545454545,2,336.36363636363643
GOVX,2024-08-16,3.67,8.48,3.65,7.05,641408,92.09809264305177,1,96.7828418230563
SIDU,2024-08-19,2.63,5.0,2.625,3.92,92320,49.04942965779468,1,6.477732793522262
BNBX,2024-08-21,1.16,2.21,1.16,2.07,172389,78.44827586206897,4,162.14689265536722
GDC,2024-08-21,2.27,5.8,2.0,4.12,383260,81.4977973568282,2,27.52808988764044
VRAX,2024-08-21,3.48,6.28,3.31,6.21,255597,78.44827586206897,1,100.0
FFAI,2024-08-22,3.325,8.85,3.27,7.92,918632,138.1954887218045,2,2574.9798873692685
ATON,2024-08-23,4.37,8.19,4.37,5.88,131417,34.553775743707085,3,31.6265060240964
XRTX,2024-08-29,1.44,2.86,1.35,2.66,599821,84.72222222222223,1,5.88235294117645
SHPH,2024-09-04,1.52,2.74,1.385,2.225,110008,46.38157894736843,1,-34.76394849785408
WHLR,2024-09-05,1.21,6.61,1.21,4.14,223173,242.14876033057848,1,-11.678832116788328
FBLG,2024-09-10,2.725,4.22,2.72,3.89,53030,42.752293577981646,4,67.6923076923077
QH,2024-09-10,0.4575,1.47,0.4398,1.355,1350562,196.17486338797812,1,30.676949443016287
PLCE,2024-09-11,6.85,10.2,6.65,9.1,505603,32.84671532846715,2,23.201438848920873
PCT,2024-09-11,5.135,6.985,5.135,6.77,247405,31.84031158714702,1,-11.921097770154375
CNEY,2024-09-11,0.7079,1.57,0.7058,1.4,1004327,97.768046334228,1,111.25037302297822
TIL,2024-09-12,30.63,58.555,30.63,46.97,72716,53.34639242572641,5,118.78571428571428
GV,2024-09-12,2.9,6.62,2.9,4.0,269574,37.93103448275863,1,47.95918367346938
SMX,2024-09-13,3.24,7.16,2.88,5.8,280855,79.01234567901231,1,53.554502369668256
IMRX,2024-09-16,2.035,3.83,1.85,2.87,308002,41.03194103194103,1,74.67811158798283
BBLG,2024-09-16,1.26,1.97,1.13,1.87,779910,48.41269841269842,1,9.565217391304358
PLCE,2024-09-17,12.57,17.49,12.395,17.37,102667,38.18615751789978,1,156.0081466395112
GLMD,2024-09-17,5.36,23.76,5.35,15.35,353467,186.38059701492534,4,50.561797752809
OMEX,2024-09-18,0.8116,1.86,0.8,1.38,1225106,70.03449975357319,1,-80.4433734939759
IMRX,2024-09-20,2.405,3.505,2.405,3.18,184649,32.22453222453223,1,19.059405940594054
LASE,2024-09-23,11.365,19.72,11.18,18.97,113632,66.91597008358995,2,86.92434210526316
XHG,2024-09-24,0.688,1.39,0.688,1.14,164524,65.69767441860466,1,2.4724456359844993
DUO,2024-09-26,0.7501,1.43,0.68,1.05,1233225,39.981335821890426,3,89.56280010108668
DUO,2024-09-30,1.76,3.48,1.57,3.04,361136,72.72727272727273,1,321.05263157894734
CAPR,2024-09-30,9.9,15.63,9.9,15.205,340780,53.58585858585858,1,65.2754590984975
INDO,2024-10-01,2.36,4.09,2.36,3.76,380791,59.32203389830508,1,-11.9402985074627
STTK,2024-10-01,1.41,2.125,1.385,1.925,131751,36.524822695035475,1,-61.8918918918919
EONR,2024-10-01,0.8479,1.78,0.8462,1.78,187229,109.93041632267958,1,-22.918181818181825
TOP,2024-10-02,2.18,3.2,2.065,2.84,202876,30.27522935779814,1,53.5211267605634
AMBO,2024-10-07,1.59,4.12,1.52,3.97,73341,149.685534591195,1,32.500000000000014
SOBR,2024-10-07,4.68,12.27,4.2,9.73,109530,107.90598290598292,1,7859.183673469387
BURU,2024-10-08,0.6172,1.2,0.61,1.005,1136059,62.832145171743335,1,37.461024498886395
PDYN,2024-10-08,2.0,3.04,2.0,2.77,155240,38.5,1,16.279069767441868
MNTS,2024-10-09,0.6492,1.05,0.6069,1.03,990130,58.65680837954406,1,66.46153846153847
SRFM,2024-10-10,2.49,3.55,2.49,3.29,59067,32.1285140562249,2,50.45317220543808
TWG,2024-10-11,4.01,8.5,3.91,7.025,730449,75.18703241895264,2,141.56626506024094
NIVF,2024-10-15,0.8,3.28,0.8,1.93,569667,141.24999999999997,1,23.266563944530038
JDZG,2024-10-15,0.8435,1.735,0.8149,1.12,139085,32.780082987551886,2,27.9969650986343
VSME,2024-10-16,1.11,2.64,1.11,2.17,91299,95.49549549549548,2,31.985731272294892
PRQR,2024-10-16,2.15,4.125,2.13,4.005,845235,86.27906976744187,1,14.973262032085554
JDZG,2024-10-17,0.7769,2.135,0.7769,1.675,167215,115.6004633801004,1,21.390624999999996
LTBR,2024-10-18,4.4,7.25,4.4,7.0,67851,59.09090909090908,1,39.240506329113934
DRUG,2024-10-18,37.42,78.84,34.14,49.995,212694,33.60502405130945,1,3301.8181818181815
NCI,2024-10-21,1.04,1.73,0.9517,1.39,95891,33.653846153846146,2,52.941176470588225
GNPX,2024-10-21,0.5499,2.03,0.5499,1.5,523420,172.77686852154935,2,64.14925373134328
LRHC,2024-10-23,0.8682,1.75,0.769,1.13,573064,30.154342317438363,2,68.91050583657588
QNCX,2024-10-24,0.889,1.38,0.889,1.19,71660,33.858267716535416,1,13.653796982868837
TWG,2024-10-24,9.69,13.38,8.82,13.28,98982,37.04850361197109,1,40.84302325581395
NXL,2024-10-24,1.3,2.53,1.3,2.15,138297,65.38461538461537,1,-1.5151515151515138
MNPR,2024-10-24,5.48,38.5,5.44,31.99,140112,483.7591240875912,1,-5.190311418685123
CLDI,2024-10-25,0.7417,1.2,0.7417,1.07,96250,44.263179182958076,1,-39.699186991869915
GNLN,2024-10-28,2.14,5.24,2.12,3.81,337311,78.03738317757009,1,-57.11422845691383
GLUE,2024-10-28,6.4,12.3,6.165,9.485,1103996,48.20312499999999,1,17.431192660550465
PRCH,2024-10-28,1.48,2.445,1.48,2.19,257007,47.97297297297296,1,4.225352112676051
UPXI,2024-10-29,6.43,12.43,6.43,8.74,54913,35.925349922239505,1,48.15668202764978
MAXN,2024-10-30,6.275,11.19,6.275,8.71,157202,38.804780876494036,1,20.90558766859345
BFRI,2024-10-31,0.805,2.205,0.805,1.23,732887,52.7950310559006,1,-16.145833333333325
BVC,2024-10-31,0.902,1.83,0.902,1.8,123382,99.55654101995566,1,-18.371040723981903
NAGE,2024-11-01,4.21,5.96,3.84,5.87,530803,39.42992874109264,1,21.325648414985586
VIR,2024-11-01,7.13,9.7,7.12,9.27,242699,30.01402524544179,1,-4.742818971275886
SPPL,2024-11-04,0.4079,1.365,0.3726,1.15,1215145,181.93184604069623,1,28.6750788643533
BVS,2024-11-05,8.4,11.52,7.43,11.46,76021,36.42857142857143,1,-36.88955672426747
TMQ,2024-11-06,0.785,1.28,0.784,1.03,319241,31.21019108280254,1,16.728624535315983
IONQ,2024-11-07,16.405,22.62,16.38,22.12,730582,34.83693995733008,1,9.07579787234043
CELU,2024-11-07,1.525,5.22,1.525,3.035,212009,99.01639344262296,1,11.313868613138677
INOD,2024-11-08,30.335,43.63,29.835,42.74,307408,40.89335750782925,4,43.767772511848335
API,2024-11-08,3.72,5.46,3.67,5.35,174737,43.81720430107525,2,32.857142857142875
WKHS,2024-11-11,0.8011,1.19,0.8011,1.18,61430,47.297465984271604,1,8.889492999864078
BCG,2024-11-11,2.43,6.43,2.4,3.35,127232,37.860082304526756,1,2.9661016949152685
CD,2024-11-11,1.7,2.63,1.7,2.22,57522,30.588235294117673,1,35.999999999999986
BTM,2024-11-11,2.0,3.47,1.965,2.65,115237,32.49999999999999,5,33.77926421404682
MULN,2024-11-12,1.75,3.42,1.705,3.0,142677,71.42857142857142,1,-7.4074074074074066
BTCT,2024-11-12,4.7,16.94,4.09,10.55,658038,124.46808510638299,3,184.84848484848487
BTCS,2024-11-12,1.85,4.4,1.85,2.89,256121,56.21621621621622,5,49.79757085020242
QUBT,2024-11-13,1.46,3.41,1.46,2.65,417052,81.50684931506848,2,32.72727272727272
OMER,2024-11-14,4.51,7.5,4.51,6.95,273529,54.10199556541022,1,0.22222222222221255
HCWB,2024-11-18,0.9,2.49,0.85,1.24,1348819,37.77777777777778,1,149.30747922437675
BKKT,2024-11-18,10.93,29.7,10.93,29.7,53360,171.7291857273559,1,-11.996779388083734
XCUR,2024-11-20,6.905,14.71,6.905,11.2,124777,62.2013034033309,3,153.86029411764704
IBG,2024-11-21,0.848,1.25,0.848,1.17,54998,37.97169811320755,1,-23.603603603603617
CRNC,2024-11-21,3.4,6.4,3.4,5.82,528330,71.1764705882353,1,8.280254777070063
VUZI,2024-11-22,1.285,1.72,1.28,1.71,92596,33.07392996108951,5,39.189774696707104
QBTS,2024-11-22,2.2,3.0,1.97,2.93,891622,33.18181818181818,4,34.96932515337426
PDYN,2024-11-22,2.255,5.03,2.195,4.59,438935,103.54767184035478,1,21.236559139784926
QMCO,2024-11-22,4.46,10.46,4.33,8.96,188327,100.89686098654708,2,40.69400630914826
ZENA,2024-11-25,1.92,7.25,1.89,6.42,240775,234.375,2,32.41379310344827
QMCO,2024-11-25,13.78,26.8,13.78,21.81,152157,58.27285921625545,3,340.25559105431313
PDYN,2024-11-26,4.165,7.32,4.165,7.32,309165,75.75030012004802,1,132.68156424581002
HTT,2024-11-26,2.29,3.095,2.29,3.02,70412,31.877729257641917,1,-6.530612244897959
VCIG,2024-11-27,2.49,7.72,2.37,4.14,544156,66.26506024096383,1,30.36649214659688
OTLK,2024-11-27,0.9689,2.205,0.88,1.7,200315,75.45670347817112,1,-81.68431001890359
UMAC,2024-11-29,14.195,19.48,12.96,18.56,407836,30.750264177527285,1,275.0330250990753
PPBT,2024-12-02,4.88,13.93,4.34,8.27,274921,69.4672131147541,5,123.8532110091743
SNTI,2024-12-02,7.08,16.94,6.57,10.14,881064,43.220338983050844,1,226.2672811059908
JYD,2024-12-03,0.8098,1.28,0.8098,1.08,77903,33.3662632748827,1,-26.381818181818197
BBAI,2024-12-03,2.17,2.92,2.15,2.84,1256628,30.87557603686635,1,-3.125000000000011
PSQH,2024-12-03,4.43,7.74,3.6,7.67,1108176,73.13769751693002,1,110.9523809523809
MIGI,2024-12-05,0.9,1.44,0.9,1.33,312413,47.777777777777786,1,-56.730769230769226
ADCT,2024-12-06,2.045,3.16,2.03,3.13,198901,53.05623471882641,1,-15.145228215767649
GXAI,2024-12-06,1.99,3.61,1.88,2.59,301040,30.15075376884422,3,54.26356589147285
UAMY,2024-12-06,1.38,1.91,1.345,1.9,167601,37.681159420289866,2,81.50729975009862
QSI,2024-12-09,1.41,2.13,1.41,1.97,418140,39.7163120567376,2,22.608695652173914
GXAI,2024-12-10,3.69,7.49,3.66,5.06,465718,37.127371273712725,5,212.71186440677968
RGTI,2024-12-10,4.285,6.88,4.28,6.5,2555257,51.69194865810969,1,36.900958466453694
CDIO,2024-12-10,0.8211,1.16,0.8151,1.08,87644,31.53087321885275,4,172.51908396946564
CDIO,2024-12-11,1.11,1.635,1.1,1.5,99759,35.13513513513513,5,279.3574846206425
HIMX,2024-12-12,6.605,9.8,6.605,9.8,327254,48.37244511733536,1,7.050243111831445
WKEY,2024-12-13,3.3,8.335,3.3,7.84,409590,137.5757575757576,2,62.5615763546798
BZUN,2024-12-16,2.77,3.77,2.77,3.72,197717,34.29602888086642,1,-4.482758620689653
OPTX,2024-12-16,0.9902,1.99,0.9902,1.77,60010,78.75176731973339,1,6.473118279569889
WKEY,2024-12-16,9.17,13.97,9.02,11.95,343674,30.31624863685931,3,316.8181818181818
RMNI,2024-12-16,1.99,2.72,1.965,2.64,96826,32.66331658291457,1,-2.9268292682926744
SIDU,2024-12-16,2.24,6.79,2.05,4.66,896565,108.03571428571428,2,65.31365313653139
RZLV,2024-12-17,2.175,4.0,2.175,3.265,436981,50.114942528735654,1,13.28125
DFNS,2024-12-17,2.205,17.65,1.84,11.85,957943,437.41496598639446,1,45.065789473684205
KULR,2024-12-18,1.49,2.63,1.475,2.075,1317176,39.26174496644297,1,21.63265306122448
GGRP,2024-12-18,1.985,3.19,1.9,3.17,169354,59.69773299748109,4,29.738562091503272
PLRZ,2024-12-18,2.48,4.79,2.44,3.27,239860,31.854838709677423,1,153.57873210633946
QUBT,2024-12-18,19.215,27.1,17.65,25.6,2083533,33.22924798334634,4,200.23437499999997
PRFX,2024-12-19,5.34,16.52,4.71,10.95,594292,105.05617977528088,1,82.87671232876713
PSNL,2024-12-19,3.84,5.3,3.83,5.245,138291,36.58854166666667,1,7.2625698324022325
OPTX,2024-12-20,2.015,4.45,1.92,3.5,256344,73.69727047146401,1,104.46473871131406
NVNI,2024-12-20,5.84,12.11,3.22,8.39,195185,43.66438356164384,2,1197.4894467896024
CTEV,2024-12-24,6.9,13.195,6.9,12.17,69980,76.37681159420289,1,-1.849217638691325
PDYN,2024-12-24,3.74,5.2,3.66,4.935,268751,31.951871657753994,1,5.9490084985835745
BAOS,2024-12-24,2.96,13.45,2.96,6.92,253467,133.78378378378378,1,88.53503184713374
ABAT,2024-12-24,1.975,2.93,1.975,2.6,233958,31.645569620253156,1,127.37738890168089
HOUR,2024-12-24,2.07,6.88,1.775,4.39,438831,112.07729468599035,2,41.78082191780821
KULR,2024-12-26,3.505,4.935,3.43,4.78,1365932,36.37660485021399,2,68.91566265060239
BCG,2024-12-26,2.2,5.975,2.2,3.12,90345,41.81818181818182,1,-14.728682170542628
LAES,2024-12-26,5.21,9.265,5.1,8.74,1170107,67.75431861804225,1,123.60515021459229
QSI,2024-12-26,1.3,2.38,1.265,2.15,1454794,65.38461538461537,1,2.3622047244094446
KITT,2024-12-26,1.2,1.78,1.17,1.78,96917,48.33333333333334,5,31.723380900109753
MVST,2024-12-26,1.875,2.65,1.86,2.535,433159,35.20000000000001,1,63.04347826086958
SES,2024-12-26,1.01,1.89,0.9001,1.415,638150,40.09900990099009,2,154.6004537433829
CTM,2024-12-26,0.8001,1.71,0.6701,1.37,541018,71.22859642544684,2,161.12924281984334
AMPG,2024-12-26,3.71,5.4,3.37,5.19,205239,39.89218328840971,4,67.1171171171171
HOVR,2024-12-26,0.7152,1.425,0.7152,1.145,73726,60.0950782997763,1,9.861751152073728
AIRE,2024-12-26,1.935,4.42,1.76,3.57,417928,84.49612403100775,2,65.3846153846154
HOLO,2024-12-27,1.705,2.4,1.66,2.4,375228,40.76246334310849,4,23.550724637681174
PDYN,2024-12-27,8.8,14.025,8.5,11.75,501109,33.52272727272727,3,181.60000000000002
HOLO,2024-12-30,4.52,7.76,3.44,6.4,720995,41.59292035398232,5,245.03816793893125
INTZ,2024-12-30,4.305,7.28,4.25,5.64,710619,31.010452961672485,4,917.7304964539006
RVSN,2024-12-30,1.42,2.675,1.385,2.45,284934,72.53521126760565,1,187.97404177651595
AERT,2024-12-30,1.045,2.63,1.045,1.38,87649,32.057416267942585,1,49.77784147914577
WATT,2024-12-30,1.24,2.7,1.055,2.7,754007,117.741935483871,1,321.76870748299325
XPON,2024-12-30,2.09,2.98,2.09,2.78,66644,33.01435406698565,1,-1.8779342723004744
IDAI,2024-12-30,0.6718,1.25,0.6718,1.18,123152,75.64751414111343,1,94.78109596984632
FFAI,2024-12-30,2.285,3.24,2.2,3.135,1022190,37.199124726476995,4,96.137339055794
